record_number,gene_name,author,year,journal,title,DOI,pmid,zygosity,dna_change,rna_change,variant_type,acmg_class,dna_change_2,rna_change_2,variant_type_2,acmg_class_2,sex,age_diagnosis,country_definition,country,region,IBD_subtype,tr_5ASA/sulfasalazine,tr_Anti-IL12/23,tr_Anti-IL23,tr_Anti-integrin,tr_Anti-TNF,tr_Antibiotics,tr_Azathioprine/6MP,tr_Calcineurin inhibitors,tr_HSCT,tr_JAKi,tr_Methotrexate,tr_Steroids,tr_Surgery,tr_EEN,tr_Other biologic,tr_Other,OtherTreatment_freetext,Surgery_freetext,tre,tre_5ASA/sulfasalazine,tre_Anti-IL12/23,tre_Anti-IL23,tre_Anti-integrin,tre_Anti-TNF,tre_Antibiotics,tre_Azathioprine/6MP,tre_Calcineurin inhibitors,tre_HSCT,tre_JAKi,tre_Methotrexate,tre_Steroids,tre_Surgery,tre_EEN,tre_Other biologic,tre_Other,trne_5ASA/sulfasalazine,trne_Anti-IL12/23,trne_Anti-IL23,trne_Anti-integrin,trne_Anti-TNF,trne_Antibiotics,trne_Azathioprine/6MP,trne_Calcineurin inhibitors,trne_HSCT,trne_JAKi,trne_Methotrexate,trne_Steroids,trne_Surgery,trne_EEN,trne_Other biologic,trne_Other,eic,EIC_freetext,eic_Autoinflammatory,eic_Cardiopulmonary,eic_Dermatologic,eic_Endocrine/Growth,eic_Gastrointestinal,eic_Immune/Infectious,eic_Neurologic/Developmental,eic_Oncology/Haematopoietic,eic_Ophthalmologic,eic_Other,OtherEIC_freetext,heterozygous,aa_change
1,ADAM17,Blaydon,2011,N Engl J Med,Inflammatory Skin and Bowel Disease Linked to ADAM17 Deletion,10.1056/NEJMoa1100721,22010916,Homozygous,,NM_003183.6:c.603_606delCAGA,Frame_Shift,Unknown,,,,,Female,,Corresponding author location,United Kingdom,,IBDU,Unchecked,Unchecked,Unchecked,Unchecked,Checked,Unchecked,Unchecked,Unchecked,Unchecked,Unchecked,Unchecked,Unchecked,Unchecked,Unchecked,Unchecked,Unchecked,,,No,Unchecked,Unchecked,Unchecked,Unchecked,Unchecked,Unchecked,Unchecked,Unchecked,Unchecked,Unchecked,Unchecked,Unchecked,Unchecked,Unchecked,Unchecked,Unchecked,Unchecked,Unchecked,Unchecked,Unchecked,Unchecked,Unchecked,Unchecked,Unchecked,Unchecked,Unchecked,Unchecked,Unchecked,Unchecked,Unchecked,Unchecked,Unchecked,Yes,psoriasiform erythroderma; widespread pustules; fulminant parvovirus B19-associated myocarditis; recurrent blepharitis and otitis externa; candida &pseudomonas infections,Unchecked,Checked,Unchecked,Unchecked,Unchecked,Checked,Unchecked,Unchecked,Unchecked,Unchecked,,aa_change,p.D201Efs*11
1,ADAM17,Blaydon,2011,N Engl J Med,Inflammatory Skin and Bowel Disease Linked to ADAM17 Deletion,10.1056/NEJMoa1100721,22010916,Homozygous,,NM_003183.6:c.603_606delCAGA,Frame_Shift,Unknown,,,,,Female,,Corresponding author location,United Kingdom,,IBDU,Unchecked,Unchecked,Unchecked,Unchecked,Checked,Unchecked,Unchecked,Unchecked,Unchecked,Unchecked,Unchecked,Unchecked,Unchecked,Unchecked,Unchecked,Unchecked,,,No,Unchecked,Unchecked,Unchecked,Unchecked,Unchecked,Unchecked,Unchecked,Unchecked,Unchecked,Unchecked,Unchecked,Unchecked,Unchecked,Unchecked,Unchecked,Unchecked,Unchecked,Unchecked,Unchecked,Unchecked,Unchecked,Unchecked,Unchecked,Unchecked,Unchecked,Unchecked,Unchecked,Unchecked,Unchecked,Unchecked,Unchecked,Unchecked,Yes,psoriasiform erythroderma; widespread pustules; fulminant parvovirus B19-associated myocarditis; recurrent blepharitis and otitis externa; candida &pseudomonas infections,Unchecked,Checked,Unchecked,Unchecked,Unchecked,Checked,Unchecked,Unchecked,Unchecked,Unchecked,,aa_change_2,
2,ADAM17,Blaydon,2011,N Engl J Med,Inflammatory skin and bowel disease linked to ADAM17 deletion,10.1056/NEJMoa1100721,22010916,Homozygous,,NM_003183.6:c.603_606delCAGA,Frame_Shift,Unknown,,,,,Male,,Corresponding author location,United Kingdom,,IBDU,Unchecked,Unchecked,Unchecked,Unchecked,Checked,Unchecked,Unchecked,Unchecked,Unchecked,Unchecked,Checked,Unchecked,Unchecked,Unchecked,Unchecked,Unchecked,,-,Yes,Unchecked,Unchecked,Unchecked,Unchecked,Unchecked,Unchecked,Unchecked,Unchecked,Unchecked,Unchecked,Unchecked,Unchecked,Unchecked,Unchecked,Unchecked,Unchecked,Unchecked,Unchecked,Unchecked,Unchecked,Checked,Unchecked,Unchecked,Unchecked,Unchecked,Unchecked,Checked,Unchecked,Unchecked,Unchecked,Unchecked,Unchecked,Yes,left ventricular dialation; psoriasiform erythroderma; widespread pustules; recurrent blepharitis and otitis externa; candida &pseudomonas infections,Unchecked,Checked,Checked,Unchecked,Unchecked,Checked,Unchecked,Unchecked,Unchecked,Unchecked,,aa_change,p.D201Efs*11
2,ADAM17,Blaydon,2011,N Engl J Med,Inflammatory skin and bowel disease linked to ADAM17 deletion,10.1056/NEJMoa1100721,22010916,Homozygous,,NM_003183.6:c.603_606delCAGA,Frame_Shift,Unknown,,,,,Male,,Corresponding author location,United Kingdom,,IBDU,Unchecked,Unchecked,Unchecked,Unchecked,Checked,Unchecked,Unchecked,Unchecked,Unchecked,Unchecked,Checked,Unchecked,Unchecked,Unchecked,Unchecked,Unchecked,,-,Yes,Unchecked,Unchecked,Unchecked,Unchecked,Unchecked,Unchecked,Unchecked,Unchecked,Unchecked,Unchecked,Unchecked,Unchecked,Unchecked,Unchecked,Unchecked,Unchecked,Unchecked,Unchecked,Unchecked,Unchecked,Checked,Unchecked,Unchecked,Unchecked,Unchecked,Unchecked,Checked,Unchecked,Unchecked,Unchecked,Unchecked,Unchecked,Yes,left ventricular dialation; psoriasiform erythroderma; widespread pustules; recurrent blepharitis and otitis externa; candida &pseudomonas infections,Unchecked,Checked,Checked,Unchecked,Unchecked,Checked,Unchecked,Unchecked,Unchecked,Unchecked,,aa_change_2,
3,AICDA,Quartier,2004,Clinical immunology,Clinical; immunologic and genetic analysis of 29 patients with autosomal recessive hyper-IgM syndrome due to Activation-Induced Cytidine Deaminase deficiency,10.1016/j.clim.2003.10.007,14962793,Homozygous,chr12:g.8605438C>T,NM_020661.4:c.203G>A,Nonsense_Mutation,Pathogenic,,,,,Male,,Birth location,Israel,,CD,Checked,Unchecked,Unchecked,Unchecked,Unchecked,Unchecked,Unchecked,Unchecked,Unchecked,Unchecked,Unchecked,Checked,Unchecked,Unchecked,Unchecked,Unchecked,,-,Yes,Checked,Unchecked,Unchecked,Unchecked,Unchecked,Unchecked,Unchecked,Unchecked,Unchecked,Unchecked,Unchecked,Checked,Unchecked,Unchecked,Unchecked,Unchecked,Unchecked,Unchecked,Unchecked,Unchecked,Unchecked,Unchecked,Unchecked,Unchecked,Unchecked,Unchecked,Unchecked,Unchecked,Unchecked,Unchecked,Unchecked,Unchecked,Yes,Pleuropneumonia; recurrent skin abscesses; chronic sinusitis; AID deficiency (HIGM2),Unchecked,Unchecked,Checked,Unchecked,Unchecked,Checked,Unchecked,Unchecked,Unchecked,Checked,,aa_change,p.W68*
3,AICDA,Quartier,2004,Clinical immunology,Clinical; immunologic and genetic analysis of 29 patients with autosomal recessive hyper-IgM syndrome due to Activation-Induced Cytidine Deaminase deficiency,10.1016/j.clim.2003.10.007,14962793,Homozygous,chr12:g.8605438C>T,NM_020661.4:c.203G>A,Nonsense_Mutation,Pathogenic,,,,,Male,,Birth location,Israel,,CD,Checked,Unchecked,Unchecked,Unchecked,Unchecked,Unchecked,Unchecked,Unchecked,Unchecked,Unchecked,Unchecked,Checked,Unchecked,Unchecked,Unchecked,Unchecked,,-,Yes,Checked,Unchecked,Unchecked,Unchecked,Unchecked,Unchecked,Unchecked,Unchecked,Unchecked,Unchecked,Unchecked,Checked,Unchecked,Unchecked,Unchecked,Unchecked,Unchecked,Unchecked,Unchecked,Unchecked,Unchecked,Unchecked,Unchecked,Unchecked,Unchecked,Unchecked,Unchecked,Unchecked,Unchecked,Unchecked,Unchecked,Unchecked,Yes,Pleuropneumonia; recurrent skin abscesses; chronic sinusitis; AID deficiency (HIGM2),Unchecked,Unchecked,Checked,Unchecked,Unchecked,Checked,Unchecked,Unchecked,Unchecked,Checked,,aa_change_2,
4,ALPI,Parlato,2018,EMBO molecular Medicine,Human ALPI deficiency causes inflammatory bowel disease and highlights a key mechanism of gut homeostasis,10.15252/emmm.201708483,29567797,Compound heterozygous,chr2:g.233321394G>A,NM_001631.4:c.289G>A,Missense_Mutation,Pathogenic,chr2:g.233322984C>T,NM_001631.4:c.1049C>T,Missense variant,Pathogenic,Male,,Location of patient when diagnosed,Italy,,UC,Unchecked,Unchecked,Unchecked,Unchecked,Checked,Unchecked,Unchecked,Unchecked,Unchecked,Unchecked,Unchecked,Unchecked,Unchecked,Unchecked,Unchecked,Unchecked,,colectomy with ileorectal anastomosis,Yes,Unchecked,Unchecked,Unchecked,Unchecked,Unchecked,Unchecked,Unchecked,Unchecked,Unchecked,Unchecked,Unchecked,Unchecked,Checked,Unchecked,Unchecked,Unchecked,Unchecked,Unchecked,Unchecked,Unchecked,Checked,Unchecked,Unchecked,Unchecked,Unchecked,Unchecked,Unchecked,Unchecked,Unchecked,Unchecked,Unchecked,Unchecked,No,,Unchecked,Unchecked,Unchecked,Unchecked,Unchecked,Unchecked,Unchecked,Unchecked,Unchecked,Unchecked,,aa_change,p.A97T
4,ALPI,Parlato,2018,EMBO molecular Medicine,Human ALPI deficiency causes inflammatory bowel disease and highlights a key mechanism of gut homeostasis,10.15252/emmm.201708483,29567797,Compound heterozygous,chr2:g.233321394G>A,NM_001631.4:c.289G>A,Missense_Mutation,Pathogenic,chr2:g.233322984C>T,NM_001631.4:c.1049C>T,Missense variant,Pathogenic,Male,,Location of patient when diagnosed,Italy,,UC,Unchecked,Unchecked,Unchecked,Unchecked,Checked,Unchecked,Unchecked,Unchecked,Unchecked,Unchecked,Unchecked,Unchecked,Unchecked,Unchecked,Unchecked,Unchecked,,colectomy with ileorectal anastomosis,Yes,Unchecked,Unchecked,Unchecked,Unchecked,Unchecked,Unchecked,Unchecked,Unchecked,Unchecked,Unchecked,Unchecked,Unchecked,Checked,Unchecked,Unchecked,Unchecked,Unchecked,Unchecked,Unchecked,Unchecked,Checked,Unchecked,Unchecked,Unchecked,Unchecked,Unchecked,Unchecked,Unchecked,Unchecked,Unchecked,Unchecked,Unchecked,No,,Unchecked,Unchecked,Unchecked,Unchecked,Unchecked,Unchecked,Unchecked,Unchecked,Unchecked,Unchecked,,aa_change_2,p.A350V
5,ALPI,Parlato,2018,EMBO molecular Medicine,Human ALPI deficiency causes inflammatory bowel  disease and highlights a key mechanism of  gut homeostasis,10.15252/emmm.201708483,29567797,Compound heterozygous,chr2:g.233323014C>T,NM_001631.4: c.1079C>T,Missense_Mutation,Pathogenic,chr2:g.233323584C>T,NM_001631.4: c.1315C>T,Nonsense (stop-gain) variant,Pathogenic,Male,,Corresponding author location,France,,CD,Unchecked,Unchecked,Unchecked,Unchecked,Checked,Checked,Unchecked,Unchecked,Unchecked,Unchecked,Unchecked,Checked,Checked,Unchecked,Checked,Unchecked,EEN,ileocaecal resection,Yes,Unchecked,Unchecked,Unchecked,Unchecked,Unchecked,Checked,Unchecked,Unchecked,Unchecked,Unchecked,Unchecked,Unchecked,Checked,Unchecked,Unchecked,Unchecked,Unchecked,Unchecked,Unchecked,Unchecked,Checked,Unchecked,Unchecked,Unchecked,Unchecked,Unchecked,Unchecked,Checked,Unchecked,Unchecked,Checked,Unchecked,Yes,,Checked,Unchecked,Unchecked,Unchecked,Unchecked,Unchecked,Unchecked,Unchecked,Unchecked,Unchecked,,aa_change,p.A360V
5,ALPI,Parlato,2018,EMBO molecular Medicine,Human ALPI deficiency causes inflammatory bowel  disease and highlights a key mechanism of  gut homeostasis,10.15252/emmm.201708483,29567797,Compound heterozygous,chr2:g.233323014C>T,NM_001631.4: c.1079C>T,Missense_Mutation,Pathogenic,chr2:g.233323584C>T,NM_001631.4: c.1315C>T,Nonsense (stop-gain) variant,Pathogenic,Male,,Corresponding author location,France,,CD,Unchecked,Unchecked,Unchecked,Unchecked,Checked,Checked,Unchecked,Unchecked,Unchecked,Unchecked,Unchecked,Checked,Checked,Unchecked,Checked,Unchecked,EEN,ileocaecal resection,Yes,Unchecked,Unchecked,Unchecked,Unchecked,Unchecked,Checked,Unchecked,Unchecked,Unchecked,Unchecked,Unchecked,Unchecked,Checked,Unchecked,Unchecked,Unchecked,Unchecked,Unchecked,Unchecked,Unchecked,Checked,Unchecked,Unchecked,Unchecked,Unchecked,Unchecked,Unchecked,Checked,Unchecked,Unchecked,Checked,Unchecked,Yes,,Checked,Unchecked,Unchecked,Unchecked,Unchecked,Unchecked,Unchecked,Unchecked,Unchecked,Unchecked,,aa_change_2,p.Q439*
6,ARPC1B,Kahr,2017,nature communication,Loss of the Arp2/3 complex component ARPC1B causes platelet abnormalities and predisposes to inflammatory disease,https://doi.org/10.1038/ncomms14816,28368018,Homozygous,g.7:98985760-> CT,NM_005720.3:c.269_270dupCT,Frame_Shift,Not reported,,,,,Male,3,Corresponding author location,Canada,,IBDU,Checked,Unchecked,Unchecked,Unchecked,Unchecked,Unchecked,Unchecked,Unchecked,Unchecked,Unchecked,Unchecked,Checked,Unchecked,Unchecked,Unchecked,Unchecked,,,Yes,Checked,Unchecked,Unchecked,Unchecked,Unchecked,Unchecked,Unchecked,Unchecked,Unchecked,Unchecked,Unchecked,Checked,Unchecked,Unchecked,Unchecked,Unchecked,Unchecked,Unchecked,Unchecked,Unchecked,Unchecked,Unchecked,Unchecked,Unchecked,Unchecked,Unchecked,Unchecked,Unchecked,Unchecked,Unchecked,Unchecked,Unchecked,Yes,infection; thrombocytopenia;   papular and nodulr rash; cervical lymphadenopathy; severe cutaneous vasculitis; neck abscess; meningitis  pneumonia; cellulitis  surgical wounds;   blepharitis of eyes,Unchecked,Unchecked,Checked,Unchecked,Unchecked,Checked,Unchecked,Checked,Unchecked,Unchecked,,aa_change,
6,ARPC1B,Kahr,2017,nature communication,Loss of the Arp2/3 complex component ARPC1B causes platelet abnormalities and predisposes to inflammatory disease,https://doi.org/10.1038/ncomms14816,28368018,Homozygous,g.7:98985760-> CT,NM_005720.3:c.269_270dupCT,Frame_Shift,Not reported,,,,,Male,3,Corresponding author location,Canada,,IBDU,Checked,Unchecked,Unchecked,Unchecked,Unchecked,Unchecked,Unchecked,Unchecked,Unchecked,Unchecked,Unchecked,Checked,Unchecked,Unchecked,Unchecked,Unchecked,,,Yes,Checked,Unchecked,Unchecked,Unchecked,Unchecked,Unchecked,Unchecked,Unchecked,Unchecked,Unchecked,Unchecked,Checked,Unchecked,Unchecked,Unchecked,Unchecked,Unchecked,Unchecked,Unchecked,Unchecked,Unchecked,Unchecked,Unchecked,Unchecked,Unchecked,Unchecked,Unchecked,Unchecked,Unchecked,Unchecked,Unchecked,Unchecked,Yes,infection; thrombocytopenia;   papular and nodulr rash; cervical lymphadenopathy; severe cutaneous vasculitis; neck abscess; meningitis  pneumonia; cellulitis  surgical wounds;   blepharitis of eyes,Unchecked,Unchecked,Checked,Unchecked,Unchecked,Checked,Unchecked,Checked,Unchecked,Unchecked,,aa_change_2,
7,BTK,Barmettler,2017,J Clin Immunol,Gastrointestinal Manifestations in X-linked Agammaglobulinemia,https://doi.org/10.1007/s10875-017-0374-x,28236219,Hemizygous,,NM_000061.3:c.41C>A,Missense_Mutation,Not reported,,,,,Male,71,Corresponding author location,United States,,CD,Checked,Unchecked,Unchecked,Unchecked,Unchecked,Unchecked,Unchecked,Unchecked,Unchecked,Unchecked,Unchecked,Checked,Unchecked,Unchecked,Checked,Unchecked,IVIg; 5ASA/Prednisone initially (ceased as in remission),,Yes,Unchecked,Unchecked,Unchecked,Unchecked,Unchecked,Unchecked,Unchecked,Unchecked,Unchecked,Unchecked,Unchecked,Unchecked,Unchecked,Unchecked,Checked,Unchecked,Unchecked,Unchecked,Unchecked,Unchecked,Unchecked,Unchecked,Unchecked,Unchecked,Unchecked,Unchecked,Unchecked,Unchecked,Unchecked,Unchecked,Unchecked,Unchecked,Yes,low IgG; multiple ear infection; bronchitis; pneumonias; walking pneumonias,Unchecked,Unchecked,Unchecked,Unchecked,Unchecked,Checked,Unchecked,Unchecked,Unchecked,Unchecked,,aa_change,p.S14Y
7,BTK,Barmettler,2017,J Clin Immunol,Gastrointestinal Manifestations in X-linked Agammaglobulinemia,https://doi.org/10.1007/s10875-017-0374-x,28236219,Hemizygous,,NM_000061.3:c.41C>A,Missense_Mutation,Not reported,,,,,Male,71,Corresponding author location,United States,,CD,Checked,Unchecked,Unchecked,Unchecked,Unchecked,Unchecked,Unchecked,Unchecked,Unchecked,Unchecked,Unchecked,Checked,Unchecked,Unchecked,Checked,Unchecked,IVIg; 5ASA/Prednisone initially (ceased as in remission),,Yes,Unchecked,Unchecked,Unchecked,Unchecked,Unchecked,Unchecked,Unchecked,Unchecked,Unchecked,Unchecked,Unchecked,Unchecked,Unchecked,Unchecked,Checked,Unchecked,Unchecked,Unchecked,Unchecked,Unchecked,Unchecked,Unchecked,Unchecked,Unchecked,Unchecked,Unchecked,Unchecked,Unchecked,Unchecked,Unchecked,Unchecked,Unchecked,Yes,low IgG; multiple ear infection; bronchitis; pneumonias; walking pneumonias,Unchecked,Unchecked,Unchecked,Unchecked,Unchecked,Checked,Unchecked,Unchecked,Unchecked,Unchecked,,aa_change_2,
9,BTK,Cekic,2019,The Turkish Journal of Pediatrics,Vedolizumab treatment in a patient with X-linked agammaglobulinemia; is it safe and efficient?,10.24953/turkjped.2019.06.016,32134589,Hemizygous,,NM_000061.3:c.1685G>C,Missense_Mutation,Unknown,,,,,Male,4,Corresponding author location,Turkey,Bursa,CD,Checked,Unchecked,Unchecked,Checked,Checked,Unchecked,Checked,Unchecked,Unchecked,Unchecked,Unchecked,Checked,Checked,Unchecked,Checked,Unchecked,oral budesonide and pred,Proximal jejunal resection was performed  to relieve the obstruction in the jejunum,Yes,Unchecked,Unchecked,Unchecked,Checked,Checked,Unchecked,Unchecked,Unchecked,Unchecked,Unchecked,Unchecked,Unchecked,Checked,Unchecked,Unchecked,Checked,Unchecked,Unchecked,Unchecked,Unchecked,Unchecked,Unchecked,Unchecked,Unchecked,Unchecked,Unchecked,Unchecked,Unchecked,Unchecked,Unchecked,Unchecked,Unchecked,Yes,anemia; thrombocytosis; recurrent respiratory infection,Unchecked,Unchecked,Unchecked,Unchecked,Unchecked,Checked,Unchecked,Unchecked,Unchecked,Unchecked,,aa_change,p.R562P
9,BTK,Cekic,2019,The Turkish Journal of Pediatrics,Vedolizumab treatment in a patient with X-linked agammaglobulinemia; is it safe and efficient?,10.24953/turkjped.2019.06.016,32134589,Hemizygous,,NM_000061.3:c.1685G>C,Missense_Mutation,Unknown,,,,,Male,4,Corresponding author location,Turkey,Bursa,CD,Checked,Unchecked,Unchecked,Checked,Checked,Unchecked,Checked,Unchecked,Unchecked,Unchecked,Unchecked,Checked,Checked,Unchecked,Checked,Unchecked,oral budesonide and pred,Proximal jejunal resection was performed  to relieve the obstruction in the jejunum,Yes,Unchecked,Unchecked,Unchecked,Checked,Checked,Unchecked,Unchecked,Unchecked,Unchecked,Unchecked,Unchecked,Unchecked,Checked,Unchecked,Unchecked,Checked,Unchecked,Unchecked,Unchecked,Unchecked,Unchecked,Unchecked,Unchecked,Unchecked,Unchecked,Unchecked,Unchecked,Unchecked,Unchecked,Unchecked,Unchecked,Unchecked,Yes,anemia; thrombocytosis; recurrent respiratory infection,Unchecked,Unchecked,Unchecked,Unchecked,Unchecked,Checked,Unchecked,Unchecked,Unchecked,Unchecked,,aa_change_2,
11,BTK,Nahum,2014,Lymphosign,Atypical presentation and manifestations in X-linked agammaglobulinemia patients with novel BTK mutations,https://doi.org/10.14785/lpsn-2014-0015,,Hemizygous,,NM_000061.3:r.(925u>c),Missense_Mutation,Unknown,,,,,Male,,Senior author affiliation location,Canada,Toronto,CD-like,Unchecked,Unchecked,Unchecked,Unchecked,Unchecked,Unchecked,Unchecked,Unchecked,Unchecked,Unchecked,Unchecked,Unchecked,Checked,Unchecked,Unchecked,Unchecked,,Jejunum resected,No,Unchecked,Unchecked,Unchecked,Unchecked,Unchecked,Unchecked,Unchecked,Unchecked,Unchecked,Unchecked,Unchecked,Unchecked,Unchecked,Unchecked,Unchecked,Unchecked,Unchecked,Unchecked,Unchecked,Unchecked,Unchecked,Unchecked,Unchecked,Unchecked,Unchecked,Unchecked,Unchecked,Unchecked,Unchecked,Unchecked,Unchecked,Unchecked,Yes,Giardia Lambia infection,Unchecked,Unchecked,Unchecked,Unchecked,Unchecked,Checked,Unchecked,Unchecked,Unchecked,Unchecked,,aa_change,p.S309P
11,BTK,Nahum,2014,Lymphosign,Atypical presentation and manifestations in X-linked agammaglobulinemia patients with novel BTK mutations,https://doi.org/10.14785/lpsn-2014-0015,,Hemizygous,,NM_000061.3:r.(925u>c),Missense_Mutation,Unknown,,,,,Male,,Senior author affiliation location,Canada,Toronto,CD-like,Unchecked,Unchecked,Unchecked,Unchecked,Unchecked,Unchecked,Unchecked,Unchecked,Unchecked,Unchecked,Unchecked,Unchecked,Checked,Unchecked,Unchecked,Unchecked,,Jejunum resected,No,Unchecked,Unchecked,Unchecked,Unchecked,Unchecked,Unchecked,Unchecked,Unchecked,Unchecked,Unchecked,Unchecked,Unchecked,Unchecked,Unchecked,Unchecked,Unchecked,Unchecked,Unchecked,Unchecked,Unchecked,Unchecked,Unchecked,Unchecked,Unchecked,Unchecked,Unchecked,Unchecked,Unchecked,Unchecked,Unchecked,Unchecked,Unchecked,Yes,Giardia Lambia infection,Unchecked,Unchecked,Unchecked,Unchecked,Unchecked,Checked,Unchecked,Unchecked,Unchecked,Unchecked,,aa_change_2,
12,CASP8,Lehle,2018,Gastroenterology,Intestinal Inflammation and Dysregulated Immunity in Patients With Inherited Caspase-8 Deficiency,10.1053/j.gastro.2018.09.041,30267714,Homozygous,2:201;284;672  A/G,NM_001372051.1:c.659A>G,Missense_Mutation,Variant of uncertain significance (VUS),,,,,Female,,Hospital managing patient,Germany,Munich,CD-like,Unchecked,Unchecked,Unchecked,Unchecked,Checked,Unchecked,Checked,Unchecked,Unchecked,Unchecked,Unchecked,Checked,Checked,Unchecked,Unchecked,Checked,Elemental diet; azathioprine; infliximab,ileostomy; total proto-colectomy at age 6,Yes,Unchecked,Unchecked,Unchecked,Unchecked,Unchecked,Unchecked,Unchecked,Checked,Unchecked,Unchecked,Unchecked,Unchecked,Unchecked,Unchecked,Unchecked,Unchecked,Unchecked,Unchecked,Unchecked,Unchecked,Checked,Unchecked,Checked,Unchecked,Unchecked,Unchecked,Unchecked,Checked,Unchecked,Unchecked,Unchecked,Unchecked,Yes,multiple food allergies; chronic eczema; pityriasis amiantacea; peripheral hypothyroidism; hepatosplenomegaly; lymphadenitis and granulomatous necrosis; bacterial and viral infections; pneumonia; otitis media; conjunctivities; herpes zoster; purulent dermatitis; molluscum contagiosum,Unchecked,Unchecked,Checked,Checked,Checked,Checked,Unchecked,Unchecked,Unchecked,Checked,,aa_change,p.Q220R
12,CASP8,Lehle,2018,Gastroenterology,Intestinal Inflammation and Dysregulated Immunity in Patients With Inherited Caspase-8 Deficiency,10.1053/j.gastro.2018.09.041,30267714,Homozygous,2:201;284;672  A/G,NM_001372051.1:c.659A>G,Missense_Mutation,Variant of uncertain significance (VUS),,,,,Female,,Hospital managing patient,Germany,Munich,CD-like,Unchecked,Unchecked,Unchecked,Unchecked,Checked,Unchecked,Checked,Unchecked,Unchecked,Unchecked,Unchecked,Checked,Checked,Unchecked,Unchecked,Checked,Elemental diet; azathioprine; infliximab,ileostomy; total proto-colectomy at age 6,Yes,Unchecked,Unchecked,Unchecked,Unchecked,Unchecked,Unchecked,Unchecked,Checked,Unchecked,Unchecked,Unchecked,Unchecked,Unchecked,Unchecked,Unchecked,Unchecked,Unchecked,Unchecked,Unchecked,Unchecked,Checked,Unchecked,Checked,Unchecked,Unchecked,Unchecked,Unchecked,Checked,Unchecked,Unchecked,Unchecked,Unchecked,Yes,multiple food allergies; chronic eczema; pityriasis amiantacea; peripheral hypothyroidism; hepatosplenomegaly; lymphadenitis and granulomatous necrosis; bacterial and viral infections; pneumonia; otitis media; conjunctivities; herpes zoster; purulent dermatitis; molluscum contagiosum,Unchecked,Unchecked,Checked,Checked,Checked,Checked,Unchecked,Unchecked,Unchecked,Checked,,aa_change_2,
13,CASP8,Lehle,2018,Gastroenterology,Intestinal Inflammation and Dysregulated Immunity in Patients With Inherited Caspase-8 Deficiency,10.1053/j.gastro.2018.09.041,30267714,Homozygous,,NM_001372051.1:c.659A>G,Missense_Mutation,Variant of uncertain significance (VUS),,,,,Female,,Corresponding author location,Germany,Munich,CD-like,Unchecked,Unchecked,Unchecked,Unchecked,Checked,Unchecked,Checked,Unchecked,Unchecked,Unchecked,Unchecked,Checked,Unchecked,Unchecked,Unchecked,Unchecked,,,Yes,Unchecked,Unchecked,Unchecked,Unchecked,Unchecked,Unchecked,Unchecked,Unchecked,Unchecked,Unchecked,Unchecked,Unchecked,Unchecked,Unchecked,Unchecked,Unchecked,Unchecked,Unchecked,Unchecked,Unchecked,Checked,Unchecked,Checked,Unchecked,Unchecked,Unchecked,Unchecked,Checked,Unchecked,Unchecked,Unchecked,Unchecked,Yes,,Unchecked,Unchecked,Unchecked,Unchecked,Unchecked,Checked,Unchecked,Unchecked,Unchecked,Unchecked,,aa_change,p.Q220R
13,CASP8,Lehle,2018,Gastroenterology,Intestinal Inflammation and Dysregulated Immunity in Patients With Inherited Caspase-8 Deficiency,10.1053/j.gastro.2018.09.041,30267714,Homozygous,,NM_001372051.1:c.659A>G,Missense_Mutation,Variant of uncertain significance (VUS),,,,,Female,,Corresponding author location,Germany,Munich,CD-like,Unchecked,Unchecked,Unchecked,Unchecked,Checked,Unchecked,Checked,Unchecked,Unchecked,Unchecked,Unchecked,Checked,Unchecked,Unchecked,Unchecked,Unchecked,,,Yes,Unchecked,Unchecked,Unchecked,Unchecked,Unchecked,Unchecked,Unchecked,Unchecked,Unchecked,Unchecked,Unchecked,Unchecked,Unchecked,Unchecked,Unchecked,Unchecked,Unchecked,Unchecked,Unchecked,Unchecked,Checked,Unchecked,Checked,Unchecked,Unchecked,Unchecked,Unchecked,Checked,Unchecked,Unchecked,Unchecked,Unchecked,Yes,,Unchecked,Unchecked,Unchecked,Unchecked,Unchecked,Checked,Unchecked,Unchecked,Unchecked,Unchecked,,aa_change_2,
14,CASP8,Lehle,2018,Gastroenterology,Intestinal Inflammation and Dysregulated Immunity in Patients With Inherited Caspase-8 Deficiency,10.1053/j.gastro.2018.09.041,30267714,Homozygous,2:201276908 C/T,NM_001372051.1:c.742C>T,Missense_Mutation,Pathogenic,,,,,Female,,Corresponding author location,Germany,Munich,CD-like,Unchecked,Unchecked,Unchecked,Unchecked,Checked,Unchecked,Checked,Unchecked,Unchecked,Unchecked,Unchecked,Checked,Checked,Unchecked,Unchecked,Unchecked,,hemicolectomy,Yes,Unchecked,Unchecked,Unchecked,Unchecked,Unchecked,Unchecked,Unchecked,Unchecked,Unchecked,Unchecked,Unchecked,Unchecked,Unchecked,Unchecked,Unchecked,Unchecked,Unchecked,Unchecked,Unchecked,Unchecked,Checked,Unchecked,Checked,Unchecked,Unchecked,Unchecked,Unchecked,Checked,Unchecked,Unchecked,Unchecked,Unchecked,Yes,bacterial and viral infections,Unchecked,Unchecked,Unchecked,Unchecked,Unchecked,Checked,Unchecked,Unchecked,Unchecked,Unchecked,,aa_change,p.R248W
14,CASP8,Lehle,2018,Gastroenterology,Intestinal Inflammation and Dysregulated Immunity in Patients With Inherited Caspase-8 Deficiency,10.1053/j.gastro.2018.09.041,30267714,Homozygous,2:201276908 C/T,NM_001372051.1:c.742C>T,Missense_Mutation,Pathogenic,,,,,Female,,Corresponding author location,Germany,Munich,CD-like,Unchecked,Unchecked,Unchecked,Unchecked,Checked,Unchecked,Checked,Unchecked,Unchecked,Unchecked,Unchecked,Checked,Checked,Unchecked,Unchecked,Unchecked,,hemicolectomy,Yes,Unchecked,Unchecked,Unchecked,Unchecked,Unchecked,Unchecked,Unchecked,Unchecked,Unchecked,Unchecked,Unchecked,Unchecked,Unchecked,Unchecked,Unchecked,Unchecked,Unchecked,Unchecked,Unchecked,Unchecked,Checked,Unchecked,Checked,Unchecked,Unchecked,Unchecked,Unchecked,Checked,Unchecked,Unchecked,Unchecked,Unchecked,Yes,bacterial and viral infections,Unchecked,Unchecked,Unchecked,Unchecked,Unchecked,Checked,Unchecked,Unchecked,Unchecked,Unchecked,,aa_change_2,
15,CASP8,Kanderova,2018,haematologica,Lymphoproliferation; immunodeficiency and early-onset inflammatory bowel disease associated with a novel mutation in Caspase 8,10.3324/haematol.2018.201673,30337362,Homozygous,chr2:201285194 C>T,NM_001228.5:c.1232C>T,Missense_Mutation,Variant of uncertain significance (VUS),,,,,Male,15,Hospital managing patient,Czech Republic,Prague,IBDU,Unchecked,Unchecked,Unchecked,Unchecked,Unchecked,Unchecked,Unchecked,Unchecked,Unchecked,Unchecked,Unchecked,Unchecked,Unchecked,Unchecked,Unchecked,Checked,No IBD treatment,Appendectomy at age 4 years for persistent abdominal pain.,No,Unchecked,Unchecked,Unchecked,Unchecked,Unchecked,Unchecked,Unchecked,Unchecked,Unchecked,Unchecked,Unchecked,Unchecked,Unchecked,Unchecked,Unchecked,Unchecked,Unchecked,Unchecked,Unchecked,Unchecked,Unchecked,Unchecked,Unchecked,Unchecked,Unchecked,Unchecked,Unchecked,Unchecked,Unchecked,Unchecked,Unchecked,Unchecked,Yes,chronic atelectasis; lymphoadenopathy; hepatosplenomegaly; EBV recurrent infection; CMV clitis; adenovirus; H.influ; pneumonia; low titer for vaccine,Unchecked,Checked,Unchecked,Unchecked,Checked,Checked,Unchecked,Unchecked,Unchecked,Checked,,aa_change,p.P411L
15,CASP8,Kanderova,2018,haematologica,Lymphoproliferation; immunodeficiency and early-onset inflammatory bowel disease associated with a novel mutation in Caspase 8,10.3324/haematol.2018.201673,30337362,Homozygous,chr2:201285194 C>T,NM_001228.5:c.1232C>T,Missense_Mutation,Variant of uncertain significance (VUS),,,,,Male,15,Hospital managing patient,Czech Republic,Prague,IBDU,Unchecked,Unchecked,Unchecked,Unchecked,Unchecked,Unchecked,Unchecked,Unchecked,Unchecked,Unchecked,Unchecked,Unchecked,Unchecked,Unchecked,Unchecked,Checked,No IBD treatment,Appendectomy at age 4 years for persistent abdominal pain.,No,Unchecked,Unchecked,Unchecked,Unchecked,Unchecked,Unchecked,Unchecked,Unchecked,Unchecked,Unchecked,Unchecked,Unchecked,Unchecked,Unchecked,Unchecked,Unchecked,Unchecked,Unchecked,Unchecked,Unchecked,Unchecked,Unchecked,Unchecked,Unchecked,Unchecked,Unchecked,Unchecked,Unchecked,Unchecked,Unchecked,Unchecked,Unchecked,Yes,chronic atelectasis; lymphoadenopathy; hepatosplenomegaly; EBV recurrent infection; CMV clitis; adenovirus; H.influ; pneumonia; low titer for vaccine,Unchecked,Checked,Unchecked,Unchecked,Checked,Checked,Unchecked,Unchecked,Unchecked,Checked,,aa_change_2,
16,CD3G,Ozgur,2008,Pediatr Transplantation,Hematopoietic stem cell transplantation in a CD3γ-deficient infant with inflammatory bowel disease,10.1111/j.1399-3046.2008.00957.x,18482219,Homozygous,ch11: 118349868A>T,NM_000073.3:c.205A>T,Nonsense_Mutation,Pathogenic,,,,,Male,0.83,Hospital managing patient,Turkey,Ankara,CD-like,Checked,Unchecked,Unchecked,Unchecked,Unchecked,Checked,Unchecked,Unchecked,Checked,Unchecked,Unchecked,Checked,Unchecked,Unchecked,Unchecked,Checked,Treatment:  IVIG; antibacterial and antifungal prophylaxis.  First allogeneic HSCT from HLA-identical sister after reduced-intensity conditioning.  Persistent GI disease treated with corticosteroids; cyclosporine; and oral and rectal mesalazine.  Second HSCT 5 months later with busulfan; fludarabine; and cyclophosphamide conditioning.,,Yes,Unchecked,Unchecked,Unchecked,Unchecked,Unchecked,Unchecked,Unchecked,Unchecked,Checked,Unchecked,Unchecked,Unchecked,Unchecked,Unchecked,Unchecked,Unchecked,Unchecked,Unchecked,Unchecked,Unchecked,Unchecked,Unchecked,Unchecked,Unchecked,Checked,Unchecked,Unchecked,Unchecked,Unchecked,Unchecked,Unchecked,Checked,Yes,severe diaper dermatitis; pneumonia; moniliasis,Unchecked,Checked,Checked,Unchecked,Unchecked,Checked,Unchecked,Unchecked,Unchecked,Unchecked,,aa_change,p.K69*
16,CD3G,Ozgur,2008,Pediatr Transplantation,Hematopoietic stem cell transplantation in a CD3γ-deficient infant with inflammatory bowel disease,10.1111/j.1399-3046.2008.00957.x,18482219,Homozygous,ch11: 118349868A>T,NM_000073.3:c.205A>T,Nonsense_Mutation,Pathogenic,,,,,Male,0.83,Hospital managing patient,Turkey,Ankara,CD-like,Checked,Unchecked,Unchecked,Unchecked,Unchecked,Checked,Unchecked,Unchecked,Checked,Unchecked,Unchecked,Checked,Unchecked,Unchecked,Unchecked,Checked,Treatment:  IVIG; antibacterial and antifungal prophylaxis.  First allogeneic HSCT from HLA-identical sister after reduced-intensity conditioning.  Persistent GI disease treated with corticosteroids; cyclosporine; and oral and rectal mesalazine.  Second HSCT 5 months later with busulfan; fludarabine; and cyclophosphamide conditioning.,,Yes,Unchecked,Unchecked,Unchecked,Unchecked,Unchecked,Unchecked,Unchecked,Unchecked,Checked,Unchecked,Unchecked,Unchecked,Unchecked,Unchecked,Unchecked,Unchecked,Unchecked,Unchecked,Unchecked,Unchecked,Unchecked,Unchecked,Unchecked,Unchecked,Checked,Unchecked,Unchecked,Unchecked,Unchecked,Unchecked,Unchecked,Checked,Yes,severe diaper dermatitis; pneumonia; moniliasis,Unchecked,Checked,Checked,Unchecked,Unchecked,Checked,Unchecked,Unchecked,Unchecked,Unchecked,,aa_change_2,
17,CD3G,Reico,2007,The Journal of Immunology,Differential Biological Role of CD3 Chains Revealed by Human Immunodeficiencies,10.4049/jimmunol.178.4.2556,17277165,Homozygous,ch11: 118349868A>T,NM_000073.3:c.205A>T,Nonsense_Mutation,Pathogenic,,,,,Male,,Location of patient when diagnosed,Turkey,Diyarbakir,CD-like,Unchecked,Unchecked,Unchecked,Unchecked,Unchecked,Unchecked,Unchecked,Unchecked,Unchecked,Unchecked,Unchecked,Unchecked,Unchecked,Unchecked,Unchecked,Checked,Referred for bone marrow transplantation because of persistent diarrhea; but died from sepsis and diarrhea at 9 months of age before transplantation could be performed. Specific medical treatment not reported.,,No,Unchecked,Unchecked,Unchecked,Unchecked,Unchecked,Unchecked,Unchecked,Unchecked,Unchecked,Unchecked,Unchecked,Unchecked,Unchecked,Unchecked,Unchecked,Unchecked,Unchecked,Unchecked,Unchecked,Unchecked,Unchecked,Unchecked,Unchecked,Unchecked,Unchecked,Unchecked,Unchecked,Unchecked,Unchecked,Unchecked,Unchecked,Unchecked,Yes,Sepsis; moniliasis,Unchecked,Unchecked,Unchecked,Unchecked,Unchecked,Checked,Unchecked,Unchecked,Unchecked,Unchecked,,aa_change,p.K69*
17,CD3G,Reico,2007,The Journal of Immunology,Differential Biological Role of CD3 Chains Revealed by Human Immunodeficiencies,10.4049/jimmunol.178.4.2556,17277165,Homozygous,ch11: 118349868A>T,NM_000073.3:c.205A>T,Nonsense_Mutation,Pathogenic,,,,,Male,,Location of patient when diagnosed,Turkey,Diyarbakir,CD-like,Unchecked,Unchecked,Unchecked,Unchecked,Unchecked,Unchecked,Unchecked,Unchecked,Unchecked,Unchecked,Unchecked,Unchecked,Unchecked,Unchecked,Unchecked,Checked,Referred for bone marrow transplantation because of persistent diarrhea; but died from sepsis and diarrhea at 9 months of age before transplantation could be performed. Specific medical treatment not reported.,,No,Unchecked,Unchecked,Unchecked,Unchecked,Unchecked,Unchecked,Unchecked,Unchecked,Unchecked,Unchecked,Unchecked,Unchecked,Unchecked,Unchecked,Unchecked,Unchecked,Unchecked,Unchecked,Unchecked,Unchecked,Unchecked,Unchecked,Unchecked,Unchecked,Unchecked,Unchecked,Unchecked,Unchecked,Unchecked,Unchecked,Unchecked,Unchecked,Yes,Sepsis; moniliasis,Unchecked,Unchecked,Unchecked,Unchecked,Unchecked,Checked,Unchecked,Unchecked,Unchecked,Unchecked,,aa_change_2,
19,CD40LG,Gunaydin,2014,Clinical immunology,A novel disease-causing CD40L mutation reduces expression of CD40 ligand; but preserves CD40 binding capacity,10.1016/j.clim.2014.05.001,24845792,Hemizygous,11:g.136648387C>T,NM_000074.3:c.139C>T,Missense_Mutation,Pathogenic,,,,,Male,13,Corresponding author location,Turkey,,IBDU,Checked,Unchecked,Unchecked,Unchecked,Unchecked,Checked,Unchecked,Unchecked,Unchecked,Unchecked,Unchecked,Checked,Unchecked,Unchecked,Unchecked,Checked,IVIG;,-,No,Unchecked,Unchecked,Unchecked,Unchecked,Unchecked,Unchecked,Unchecked,Unchecked,Unchecked,Unchecked,Unchecked,Unchecked,Unchecked,Unchecked,Unchecked,Unchecked,Unchecked,Unchecked,Unchecked,Unchecked,Unchecked,Unchecked,Unchecked,Unchecked,Unchecked,Unchecked,Unchecked,Unchecked,Unchecked,Unchecked,Unchecked,Unchecked,Yes,Arthritis; schwannoma; granulomatous hepatitis; hyper-IgM syndrome; recurrent acute otitis media; EBV infection; cryptosporidiosis,Checked,Unchecked,Unchecked,Unchecked,Unchecked,Checked,Unchecked,Checked,Unchecked,Unchecked,,aa_change,p.H47Y
19,CD40LG,Gunaydin,2014,Clinical immunology,A novel disease-causing CD40L mutation reduces expression of CD40 ligand; but preserves CD40 binding capacity,10.1016/j.clim.2014.05.001,24845792,Hemizygous,11:g.136648387C>T,NM_000074.3:c.139C>T,Missense_Mutation,Pathogenic,,,,,Male,13,Corresponding author location,Turkey,,IBDU,Checked,Unchecked,Unchecked,Unchecked,Unchecked,Checked,Unchecked,Unchecked,Unchecked,Unchecked,Unchecked,Checked,Unchecked,Unchecked,Unchecked,Checked,IVIG;,-,No,Unchecked,Unchecked,Unchecked,Unchecked,Unchecked,Unchecked,Unchecked,Unchecked,Unchecked,Unchecked,Unchecked,Unchecked,Unchecked,Unchecked,Unchecked,Unchecked,Unchecked,Unchecked,Unchecked,Unchecked,Unchecked,Unchecked,Unchecked,Unchecked,Unchecked,Unchecked,Unchecked,Unchecked,Unchecked,Unchecked,Unchecked,Unchecked,Yes,Arthritis; schwannoma; granulomatous hepatitis; hyper-IgM syndrome; recurrent acute otitis media; EBV infection; cryptosporidiosis,Checked,Unchecked,Unchecked,Unchecked,Unchecked,Checked,Unchecked,Checked,Unchecked,Unchecked,,aa_change_2,
20,CD40LG,Lega,2020,Inflammatory Bowel Diseases,Diagnostic Approach to Monogenic Inflammatory Bowel Disease in Clinical Practice: A Ten-Year Multicentric Experience,10.1093/ibd/izz178,31375816,Hemizygous,X:g.136659216dup,NM_000074.3:c.585dupA,Frame_Shift,Not reported,,,,,Male,1,Corresponding author location,Italy,,CD-like,Unchecked,Unchecked,Unchecked,Unchecked,Unchecked,Unchecked,Unchecked,Unchecked,Checked,Unchecked,Unchecked,Unchecked,Checked,Checked,Unchecked,Unchecked,,ileostomy,No,Unchecked,Unchecked,Unchecked,Unchecked,Unchecked,Unchecked,Unchecked,Unchecked,Unchecked,Unchecked,Unchecked,Unchecked,Unchecked,Unchecked,Unchecked,Unchecked,Unchecked,Unchecked,Unchecked,Unchecked,Unchecked,Unchecked,Unchecked,Unchecked,Unchecked,Unchecked,Unchecked,Unchecked,Unchecked,Unchecked,Unchecked,Unchecked,Yes,recurrent respiratory infections,Unchecked,Unchecked,Unchecked,Unchecked,Unchecked,Checked,Unchecked,Unchecked,Unchecked,Unchecked,,aa_change,p.L195fs
20,CD40LG,Lega,2020,Inflammatory Bowel Diseases,Diagnostic Approach to Monogenic Inflammatory Bowel Disease in Clinical Practice: A Ten-Year Multicentric Experience,10.1093/ibd/izz178,31375816,Hemizygous,X:g.136659216dup,NM_000074.3:c.585dupA,Frame_Shift,Not reported,,,,,Male,1,Corresponding author location,Italy,,CD-like,Unchecked,Unchecked,Unchecked,Unchecked,Unchecked,Unchecked,Unchecked,Unchecked,Checked,Unchecked,Unchecked,Unchecked,Checked,Checked,Unchecked,Unchecked,,ileostomy,No,Unchecked,Unchecked,Unchecked,Unchecked,Unchecked,Unchecked,Unchecked,Unchecked,Unchecked,Unchecked,Unchecked,Unchecked,Unchecked,Unchecked,Unchecked,Unchecked,Unchecked,Unchecked,Unchecked,Unchecked,Unchecked,Unchecked,Unchecked,Unchecked,Unchecked,Unchecked,Unchecked,Unchecked,Unchecked,Unchecked,Unchecked,Unchecked,Yes,recurrent respiratory infections,Unchecked,Unchecked,Unchecked,Unchecked,Unchecked,Checked,Unchecked,Unchecked,Unchecked,Unchecked,,aa_change_2,
21,CD40LG,Lega,2020,Inflamm Bowel Dissease,Diagnostic Approach to Monogenic Inflammatory Bowel Disease in Clinical Practice: A Ten-Year Multicentric Experience,10.1093/ibd/izz178,31375816,Hemizygous,N/A,NM_000074.3:c.410-2A>T,Splice_Site,Not reported,,,,,Male,4,Hospital managing patient,Italy,,IBDU,Unchecked,Unchecked,Unchecked,Unchecked,Unchecked,Unchecked,Unchecked,Unchecked,Checked,Unchecked,Unchecked,Checked,Unchecked,Checked,Unchecked,Unchecked,liver transplantation,-,No,Unchecked,Unchecked,Unchecked,Unchecked,Unchecked,Unchecked,Unchecked,Unchecked,Unchecked,Unchecked,Unchecked,Unchecked,Unchecked,Unchecked,Unchecked,Unchecked,Unchecked,Unchecked,Unchecked,Unchecked,Unchecked,Unchecked,Unchecked,Unchecked,Unchecked,Unchecked,Unchecked,Unchecked,Unchecked,Unchecked,Unchecked,Unchecked,Yes,sclerosing cholangitis; cryptospordium,Unchecked,Unchecked,Unchecked,Unchecked,Checked,Unchecked,Unchecked,Unchecked,Unchecked,Unchecked,,aa_change,
21,CD40LG,Lega,2020,Inflamm Bowel Dissease,Diagnostic Approach to Monogenic Inflammatory Bowel Disease in Clinical Practice: A Ten-Year Multicentric Experience,10.1093/ibd/izz178,31375816,Hemizygous,N/A,NM_000074.3:c.410-2A>T,Splice_Site,Not reported,,,,,Male,4,Hospital managing patient,Italy,,IBDU,Unchecked,Unchecked,Unchecked,Unchecked,Unchecked,Unchecked,Unchecked,Unchecked,Checked,Unchecked,Unchecked,Checked,Unchecked,Checked,Unchecked,Unchecked,liver transplantation,-,No,Unchecked,Unchecked,Unchecked,Unchecked,Unchecked,Unchecked,Unchecked,Unchecked,Unchecked,Unchecked,Unchecked,Unchecked,Unchecked,Unchecked,Unchecked,Unchecked,Unchecked,Unchecked,Unchecked,Unchecked,Unchecked,Unchecked,Unchecked,Unchecked,Unchecked,Unchecked,Unchecked,Unchecked,Unchecked,Unchecked,Unchecked,Unchecked,Yes,sclerosing cholangitis; cryptospordium,Unchecked,Unchecked,Unchecked,Unchecked,Checked,Unchecked,Unchecked,Unchecked,Unchecked,Unchecked,,aa_change_2,
22,CD40LG,Katta,2013,Annals of Allergy; Asthma & Immunology,Hyper immunoglobulin M syndrome in a 15-year-old boy caused by a Gly219Arg  missense mutation,10.1016/j.anai.2013.02.011,23622016,Hemizygous,X: 136659284,NM_000074.3(:c.655G>A,Missense_Mutation,Benign,,,,,Male,,Corresponding author location,United States,,CD,Unchecked,Unchecked,Unchecked,Unchecked,Unchecked,Unchecked,Unchecked,Unchecked,Unchecked,Unchecked,Unchecked,Unchecked,Unchecked,Unchecked,Unchecked,Unchecked,IVIG; -,-,,Unchecked,Unchecked,Unchecked,Unchecked,Unchecked,Unchecked,Unchecked,Unchecked,Unchecked,Unchecked,Unchecked,Unchecked,Unchecked,Unchecked,Unchecked,Unchecked,Unchecked,Unchecked,Unchecked,Unchecked,Unchecked,Unchecked,Unchecked,Unchecked,Unchecked,Unchecked,Unchecked,Unchecked,Unchecked,Unchecked,Unchecked,Unchecked,Yes,aplastic anemia(parvo?); pneumonia; sinusitis; AOM; HHV;parbovirus,Unchecked,Unchecked,Unchecked,Unchecked,Unchecked,Unchecked,Unchecked,Unchecked,Unchecked,Unchecked,,aa_change,p.G219R
22,CD40LG,Katta,2013,Annals of Allergy; Asthma & Immunology,Hyper immunoglobulin M syndrome in a 15-year-old boy caused by a Gly219Arg  missense mutation,10.1016/j.anai.2013.02.011,23622016,Hemizygous,X: 136659284,NM_000074.3(:c.655G>A,Missense_Mutation,Benign,,,,,Male,,Corresponding author location,United States,,CD,Unchecked,Unchecked,Unchecked,Unchecked,Unchecked,Unchecked,Unchecked,Unchecked,Unchecked,Unchecked,Unchecked,Unchecked,Unchecked,Unchecked,Unchecked,Unchecked,IVIG; -,-,,Unchecked,Unchecked,Unchecked,Unchecked,Unchecked,Unchecked,Unchecked,Unchecked,Unchecked,Unchecked,Unchecked,Unchecked,Unchecked,Unchecked,Unchecked,Unchecked,Unchecked,Unchecked,Unchecked,Unchecked,Unchecked,Unchecked,Unchecked,Unchecked,Unchecked,Unchecked,Unchecked,Unchecked,Unchecked,Unchecked,Unchecked,Unchecked,Yes,aplastic anemia(parvo?); pneumonia; sinusitis; AOM; HHV;parbovirus,Unchecked,Unchecked,Unchecked,Unchecked,Unchecked,Unchecked,Unchecked,Unchecked,Unchecked,Unchecked,,aa_change_2,
23,CD55,Ozen,2017,New  England Journal,CD55 Deficiency; Early-Onset Protein-Losing Enteropathy; and Thrombosis,10.1056/NEJMoa1615887,28657829,Homozygous,g.1:207322430_207322431delinsCCTT,NM_000574.5:c.149_150delinsCCTT,Frame_Shift,Pathogenic,,,,,Female,6,Birth location,Turkey,,CD-like,Checked,Unchecked,Unchecked,Unchecked,Checked,Checked,Checked,Unchecked,Unchecked,Unchecked,Unchecked,Checked,Unchecked,Unchecked,Unchecked,Checked,Infliximab at age 6 years for ongoing GI symptoms; stopped after second dose due to systemic reaction with little clinical improvement. Also albumin replacement; antibiotics; IVIG; octreotide; vitamin D/B12 supplementation; omega-3 fatty acids and enteral feeding.,,Yes,Unchecked,Unchecked,Unchecked,Unchecked,Unchecked,Unchecked,Unchecked,Unchecked,Unchecked,Unchecked,Unchecked,Unchecked,Unchecked,Unchecked,Unchecked,Checked,Unchecked,Unchecked,Unchecked,Unchecked,Checked,Unchecked,Unchecked,Unchecked,Unchecked,Unchecked,Unchecked,Unchecked,Unchecked,Unchecked,Unchecked,Checked,Yes,Facial/extremity edema; recurrent respiratory infections/pneumonia; pan-hypogammaglobulinemia; subclinical hypothyroidism; growth retardation/short stature; anemia and micronutrient deficiencies; osteopenia,Unchecked,Unchecked,Unchecked,Checked,Unchecked,Checked,Unchecked,Unchecked,Unchecked,Checked,,aa_change,p.E50Afs*12
23,CD55,Ozen,2017,New  England Journal,CD55 Deficiency; Early-Onset Protein-Losing Enteropathy; and Thrombosis,10.1056/NEJMoa1615887,28657829,Homozygous,g.1:207322430_207322431delinsCCTT,NM_000574.5:c.149_150delinsCCTT,Frame_Shift,Pathogenic,,,,,Female,6,Birth location,Turkey,,CD-like,Checked,Unchecked,Unchecked,Unchecked,Checked,Checked,Checked,Unchecked,Unchecked,Unchecked,Unchecked,Checked,Unchecked,Unchecked,Unchecked,Checked,Infliximab at age 6 years for ongoing GI symptoms; stopped after second dose due to systemic reaction with little clinical improvement. Also albumin replacement; antibiotics; IVIG; octreotide; vitamin D/B12 supplementation; omega-3 fatty acids and enteral feeding.,,Yes,Unchecked,Unchecked,Unchecked,Unchecked,Unchecked,Unchecked,Unchecked,Unchecked,Unchecked,Unchecked,Unchecked,Unchecked,Unchecked,Unchecked,Unchecked,Checked,Unchecked,Unchecked,Unchecked,Unchecked,Checked,Unchecked,Unchecked,Unchecked,Unchecked,Unchecked,Unchecked,Unchecked,Unchecked,Unchecked,Unchecked,Checked,Yes,Facial/extremity edema; recurrent respiratory infections/pneumonia; pan-hypogammaglobulinemia; subclinical hypothyroidism; growth retardation/short stature; anemia and micronutrient deficiencies; osteopenia,Unchecked,Unchecked,Unchecked,Checked,Unchecked,Checked,Unchecked,Unchecked,Unchecked,Checked,,aa_change_2,
24,CD55,Ozen,2017,New  England Journal,CD55 Deficiency; Early-Onset Protein-Losing Enteropathy; and Thrombosis,10.1056/NEJMoa1615887,28657829,Homozygous,g.1:207322389 TG>T,NM_000574.5:c.109delG,Frame_Shift,Pathogenic,,,,,Female,,Hospital managing patient,Turkey,,CD-like,Checked,Unchecked,Unchecked,Unchecked,Checked,Unchecked,Checked,Unchecked,Unchecked,Unchecked,Unchecked,Checked,Unchecked,Unchecked,Unchecked,Checked,Anti-TNF therapy; likely infliximab; IVIG replacement therapy; thyroxine; dietary/vitamin supplementation.,partial resection of intestine due to obstruction of the small bowel,Yes,Unchecked,Unchecked,Unchecked,Unchecked,Unchecked,Unchecked,Unchecked,Unchecked,Unchecked,Unchecked,Unchecked,Unchecked,Checked,Unchecked,Unchecked,Unchecked,Unchecked,Unchecked,Unchecked,Unchecked,Unchecked,Unchecked,Unchecked,Unchecked,Unchecked,Unchecked,Unchecked,Unchecked,Unchecked,Unchecked,Unchecked,Unchecked,Yes,Recurrent respiratory infections/pneumonia with bronchiectasis and finger clubbing; hypogammaglobulinemia; periorbital and pretibial edema; compensated hypothyroidism; growth retardation.,Unchecked,Checked,Unchecked,Checked,Unchecked,Checked,Unchecked,Unchecked,Unchecked,Unchecked,,aa_change,p.G37Afs*24
24,CD55,Ozen,2017,New  England Journal,CD55 Deficiency; Early-Onset Protein-Losing Enteropathy; and Thrombosis,10.1056/NEJMoa1615887,28657829,Homozygous,g.1:207322389 TG>T,NM_000574.5:c.109delG,Frame_Shift,Pathogenic,,,,,Female,,Hospital managing patient,Turkey,,CD-like,Checked,Unchecked,Unchecked,Unchecked,Checked,Unchecked,Checked,Unchecked,Unchecked,Unchecked,Unchecked,Checked,Unchecked,Unchecked,Unchecked,Checked,Anti-TNF therapy; likely infliximab; IVIG replacement therapy; thyroxine; dietary/vitamin supplementation.,partial resection of intestine due to obstruction of the small bowel,Yes,Unchecked,Unchecked,Unchecked,Unchecked,Unchecked,Unchecked,Unchecked,Unchecked,Unchecked,Unchecked,Unchecked,Unchecked,Checked,Unchecked,Unchecked,Unchecked,Unchecked,Unchecked,Unchecked,Unchecked,Unchecked,Unchecked,Unchecked,Unchecked,Unchecked,Unchecked,Unchecked,Unchecked,Unchecked,Unchecked,Unchecked,Unchecked,Yes,Recurrent respiratory infections/pneumonia with bronchiectasis and finger clubbing; hypogammaglobulinemia; periorbital and pretibial edema; compensated hypothyroidism; growth retardation.,Unchecked,Checked,Unchecked,Checked,Unchecked,Checked,Unchecked,Unchecked,Unchecked,Unchecked,,aa_change_2,
25,CD55,Ozen,2017,New  England Journal,CD55 Deficiency; Early-Onset Protein-Losing Enteropathy; and Thrombosis,10.1056/NEJMoa1615887,28657829,Homozygous,g.1:207322389 TG/T,NM_000574.5:c.109delG,Frame_Shift,Pathogenic,,,,,Male,16,Hospital managing patient,Turkey,,CD-like,Checked,Unchecked,Unchecked,Unchecked,Unchecked,Unchecked,Checked,Unchecked,Unchecked,Unchecked,Unchecked,Checked,Unchecked,Unchecked,Unchecked,Checked,calcium; vitamin B12 and folic acid supplementation; colchicine for suspected familial Mediterranean fever.,-,Yes,Checked,Unchecked,Unchecked,Unchecked,Unchecked,Unchecked,Unchecked,Unchecked,Unchecked,Unchecked,Unchecked,Unchecked,Unchecked,Unchecked,Unchecked,Unchecked,Unchecked,Unchecked,Unchecked,Unchecked,Unchecked,Unchecked,Checked,Unchecked,Unchecked,Unchecked,Unchecked,Checked,Unchecked,Unchecked,Unchecked,Unchecked,Yes,Facial and extremity edema due to hypoalbuminemia from 27 months; persistent hypoproteinemia/hypoalbuminemia and hypogammaglobulinemia; recurrent lung infections during early disease; growth retardation; heterozygous MEFV variant and colchicine for suspected familial Mediterranean fever.,Unchecked,Unchecked,Unchecked,Checked,Unchecked,Checked,Unchecked,Unchecked,Unchecked,Checked,,aa_change,p.G37Afs*24
25,CD55,Ozen,2017,New  England Journal,CD55 Deficiency; Early-Onset Protein-Losing Enteropathy; and Thrombosis,10.1056/NEJMoa1615887,28657829,Homozygous,g.1:207322389 TG/T,NM_000574.5:c.109delG,Frame_Shift,Pathogenic,,,,,Male,16,Hospital managing patient,Turkey,,CD-like,Checked,Unchecked,Unchecked,Unchecked,Unchecked,Unchecked,Checked,Unchecked,Unchecked,Unchecked,Unchecked,Checked,Unchecked,Unchecked,Unchecked,Checked,calcium; vitamin B12 and folic acid supplementation; colchicine for suspected familial Mediterranean fever.,-,Yes,Checked,Unchecked,Unchecked,Unchecked,Unchecked,Unchecked,Unchecked,Unchecked,Unchecked,Unchecked,Unchecked,Unchecked,Unchecked,Unchecked,Unchecked,Unchecked,Unchecked,Unchecked,Unchecked,Unchecked,Unchecked,Unchecked,Checked,Unchecked,Unchecked,Unchecked,Unchecked,Checked,Unchecked,Unchecked,Unchecked,Unchecked,Yes,Facial and extremity edema due to hypoalbuminemia from 27 months; persistent hypoproteinemia/hypoalbuminemia and hypogammaglobulinemia; recurrent lung infections during early disease; growth retardation; heterozygous MEFV variant and colchicine for suspected familial Mediterranean fever.,Unchecked,Unchecked,Unchecked,Checked,Unchecked,Checked,Unchecked,Unchecked,Unchecked,Checked,,aa_change_2,
26,CTLA4,Zeissig,2015,Gut,Early-onset Crohn’s disease and autoimmunity  associated with a variant in CTLA-4,10.1136/gutjnl-2014-308541,25367873,Heterozygous,2:203870655 A/G,NM_005214.5:r.(179a>g),Missense_Mutation,Pathogenic,,,,,Male,,Corresponding author location,United States,Boston,CD,Checked,Unchecked,Unchecked,Unchecked,Unchecked,Unchecked,Checked,Checked,Unchecked,Unchecked,Checked,Checked,Checked,Unchecked,Checked,Unchecked,rituximab; mycophenolate mofetil,partial-colectomy,Yes,Unchecked,Unchecked,Unchecked,Unchecked,Checked,Unchecked,Unchecked,Unchecked,Unchecked,Unchecked,Unchecked,Checked,Checked,Unchecked,Unchecked,Checked,Checked,Unchecked,Unchecked,Unchecked,Unchecked,Unchecked,Checked,Checked,Unchecked,Unchecked,Checked,Checked,Unchecked,Unchecked,Checked,Unchecked,Yes,AIHA; neutropenia and thrombocytopenia; pulmonary nodules; inflammatory anterior mediastinal mass; gastric cancer,Unchecked,Checked,Unchecked,Checked,Checked,Unchecked,Unchecked,Checked,Unchecked,Unchecked,,aa_change,p.Y60C
26,CTLA4,Zeissig,2015,Gut,Early-onset Crohn’s disease and autoimmunity  associated with a variant in CTLA-4,10.1136/gutjnl-2014-308541,25367873,Heterozygous,2:203870655 A/G,NM_005214.5:r.(179a>g),Missense_Mutation,Pathogenic,,,,,Male,,Corresponding author location,United States,Boston,CD,Checked,Unchecked,Unchecked,Unchecked,Unchecked,Unchecked,Checked,Checked,Unchecked,Unchecked,Checked,Checked,Checked,Unchecked,Checked,Unchecked,rituximab; mycophenolate mofetil,partial-colectomy,Yes,Unchecked,Unchecked,Unchecked,Unchecked,Checked,Unchecked,Unchecked,Unchecked,Unchecked,Unchecked,Unchecked,Checked,Checked,Unchecked,Unchecked,Checked,Checked,Unchecked,Unchecked,Unchecked,Unchecked,Unchecked,Checked,Checked,Unchecked,Unchecked,Checked,Checked,Unchecked,Unchecked,Checked,Unchecked,Yes,AIHA; neutropenia and thrombocytopenia; pulmonary nodules; inflammatory anterior mediastinal mass; gastric cancer,Unchecked,Checked,Unchecked,Checked,Checked,Unchecked,Unchecked,Checked,Unchecked,Unchecked,,aa_change_2,
27,CTLA4,Zeissig,2015,Gut,Early-onset Crohn’s disease and autoimmunity associated with a variant in CTLA-4,,25367873,Heterozygous,2:203870655 A/G,NM_005214.5:r.179a>g,Missense_Mutation,Pathogenic,,,,,Female,,Corresponding author location,United States,Boston,CD,Checked,Unchecked,Unchecked,Unchecked,Checked,Unchecked,Checked,Checked,Unchecked,Unchecked,Unchecked,Checked,Unchecked,Unchecked,Unchecked,Checked,cyclophosphamide; rituximab and sirolimus;   parental nutrition for nutrition,,Yes,Unchecked,Unchecked,Unchecked,Unchecked,Unchecked,Unchecked,Unchecked,Unchecked,Unchecked,Unchecked,Unchecked,Unchecked,Unchecked,Unchecked,Unchecked,Checked,Checked,Unchecked,Unchecked,Unchecked,Checked,Unchecked,Checked,Checked,Unchecked,Unchecked,Unchecked,Checked,Unchecked,Unchecked,Unchecked,Checked,Yes,fiblosing interstitial lung disease; chronic sinusitis; PSC; hypoIgG; intermittent haematological cytopenias including red cell aplasia; bacterial sepsis; fungal sepsis; recurrent CDtx; recurrent HZV; S.aureus septic emboli,Unchecked,Checked,Unchecked,Checked,Checked,Checked,Checked,Checked,Unchecked,Unchecked,,aa_change,p.Y60C
27,CTLA4,Zeissig,2015,Gut,Early-onset Crohn’s disease and autoimmunity associated with a variant in CTLA-4,,25367873,Heterozygous,2:203870655 A/G,NM_005214.5:r.179a>g,Missense_Mutation,Pathogenic,,,,,Female,,Corresponding author location,United States,Boston,CD,Checked,Unchecked,Unchecked,Unchecked,Checked,Unchecked,Checked,Checked,Unchecked,Unchecked,Unchecked,Checked,Unchecked,Unchecked,Unchecked,Checked,cyclophosphamide; rituximab and sirolimus;   parental nutrition for nutrition,,Yes,Unchecked,Unchecked,Unchecked,Unchecked,Unchecked,Unchecked,Unchecked,Unchecked,Unchecked,Unchecked,Unchecked,Unchecked,Unchecked,Unchecked,Unchecked,Checked,Checked,Unchecked,Unchecked,Unchecked,Checked,Unchecked,Checked,Checked,Unchecked,Unchecked,Unchecked,Checked,Unchecked,Unchecked,Unchecked,Checked,Yes,fiblosing interstitial lung disease; chronic sinusitis; PSC; hypoIgG; intermittent haematological cytopenias including red cell aplasia; bacterial sepsis; fungal sepsis; recurrent CDtx; recurrent HZV; S.aureus septic emboli,Unchecked,Checked,Unchecked,Checked,Checked,Checked,Checked,Checked,Unchecked,Unchecked,,aa_change_2,
28,CTLA4,Slatter,2016,J Allergy clin immunol,Hematopoietic stem cell transplantation for CTLA4 deficiency,10.1016/j.jaci.2016.01.045,27102614,Heterozygous,g.2:203870913 G/T,NM_005214.5:c.437G>T,Missense_Mutation,Variant of uncertain significance (VUS),,,,,Male,16,Corresponding author location,United Kingdom,Newcastle,IBDU,Unchecked,Unchecked,Unchecked,Unchecked,Unchecked,Unchecked,Unchecked,Checked,Checked,Unchecked,Unchecked,Checked,Unchecked,Unchecked,Checked,Checked,Sirolimus  Abatacept,,Yes,Unchecked,Unchecked,Unchecked,Unchecked,Unchecked,Unchecked,Unchecked,Checked,Checked,Unchecked,Unchecked,Checked,Unchecked,Unchecked,Checked,Checked,Unchecked,Unchecked,Unchecked,Unchecked,Unchecked,Unchecked,Unchecked,Unchecked,Unchecked,Unchecked,Unchecked,Unchecked,Unchecked,Unchecked,Unchecked,Unchecked,Yes,,Unchecked,Unchecked,Unchecked,Unchecked,Unchecked,Unchecked,Unchecked,Checked,Unchecked,Unchecked,,aa_change,p.G146V
28,CTLA4,Slatter,2016,J Allergy clin immunol,Hematopoietic stem cell transplantation for CTLA4 deficiency,10.1016/j.jaci.2016.01.045,27102614,Heterozygous,g.2:203870913 G/T,NM_005214.5:c.437G>T,Missense_Mutation,Variant of uncertain significance (VUS),,,,,Male,16,Corresponding author location,United Kingdom,Newcastle,IBDU,Unchecked,Unchecked,Unchecked,Unchecked,Unchecked,Unchecked,Unchecked,Checked,Checked,Unchecked,Unchecked,Checked,Unchecked,Unchecked,Checked,Checked,Sirolimus  Abatacept,,Yes,Unchecked,Unchecked,Unchecked,Unchecked,Unchecked,Unchecked,Unchecked,Checked,Checked,Unchecked,Unchecked,Checked,Unchecked,Unchecked,Checked,Checked,Unchecked,Unchecked,Unchecked,Unchecked,Unchecked,Unchecked,Unchecked,Unchecked,Unchecked,Unchecked,Unchecked,Unchecked,Unchecked,Unchecked,Unchecked,Unchecked,Yes,,Unchecked,Unchecked,Unchecked,Unchecked,Unchecked,Unchecked,Unchecked,Checked,Unchecked,Unchecked,,aa_change_2,
29,CTLA4,Maffuci,2016,Frontiers in Immunology,Genetic Diagnosis Using Whole Exome Sequencing in Common Variable Immunodeficiency,10.3389/fimmu.2016.00220,27379089,Heterozygous,,NM_005214.4:c.56_57insCTGG,Frame_Shift,Not reported,,,,,Female,,Hospital managing patient,United States,,IBDU,Unchecked,Unchecked,Unchecked,Unchecked,Unchecked,Unchecked,Unchecked,Unchecked,Unchecked,Unchecked,Unchecked,Unchecked,Unchecked,Unchecked,Unchecked,Unchecked,NA;,,No,Unchecked,Unchecked,Unchecked,Unchecked,Unchecked,Unchecked,Unchecked,Unchecked,Unchecked,Unchecked,Unchecked,Unchecked,Unchecked,Unchecked,Unchecked,Unchecked,Unchecked,Unchecked,Unchecked,Unchecked,Unchecked,Unchecked,Unchecked,Unchecked,Unchecked,Unchecked,Unchecked,Unchecked,Unchecked,Unchecked,Unchecked,Unchecked,Yes,LIP; ITP; AIHA;autoimmune neutropenia; erythema nodosum; failure to thrive; osteoporosis; conjunctivitis; warts,Checked,Checked,Checked,Checked,Unchecked,Unchecked,Unchecked,Unchecked,Unchecked,Unchecked,,aa_change,p.T19Tfs*42
29,CTLA4,Maffuci,2016,Frontiers in Immunology,Genetic Diagnosis Using Whole Exome Sequencing in Common Variable Immunodeficiency,10.3389/fimmu.2016.00220,27379089,Heterozygous,,NM_005214.4:c.56_57insCTGG,Frame_Shift,Not reported,,,,,Female,,Hospital managing patient,United States,,IBDU,Unchecked,Unchecked,Unchecked,Unchecked,Unchecked,Unchecked,Unchecked,Unchecked,Unchecked,Unchecked,Unchecked,Unchecked,Unchecked,Unchecked,Unchecked,Unchecked,NA;,,No,Unchecked,Unchecked,Unchecked,Unchecked,Unchecked,Unchecked,Unchecked,Unchecked,Unchecked,Unchecked,Unchecked,Unchecked,Unchecked,Unchecked,Unchecked,Unchecked,Unchecked,Unchecked,Unchecked,Unchecked,Unchecked,Unchecked,Unchecked,Unchecked,Unchecked,Unchecked,Unchecked,Unchecked,Unchecked,Unchecked,Unchecked,Unchecked,Yes,LIP; ITP; AIHA;autoimmune neutropenia; erythema nodosum; failure to thrive; osteoporosis; conjunctivitis; warts,Checked,Checked,Checked,Checked,Unchecked,Unchecked,Unchecked,Unchecked,Unchecked,Unchecked,,aa_change_2,
30,CTLA4,schuber,2014,Nature Medicine,Autosomal-dominant immune dysregulation syndrome in humans with CTLA4 mutations,10.1038/nm.3746,25329329,Heterozygous,g.2:203868052 G/T,NM_005214.5:c.109+1G>T,Splice_Site,Not reported,,,,,Male,,Senior author affiliation location,Germany,,IBDU,Unchecked,Unchecked,Unchecked,Unchecked,Unchecked,Unchecked,Unchecked,Unchecked,Unchecked,Unchecked,Unchecked,Unchecked,Unchecked,Unchecked,Unchecked,Unchecked,-,-,No,Unchecked,Unchecked,Unchecked,Unchecked,Unchecked,Unchecked,Unchecked,Unchecked,Unchecked,Unchecked,Unchecked,Unchecked,Unchecked,Unchecked,Unchecked,Unchecked,Unchecked,Unchecked,Unchecked,Unchecked,Unchecked,Unchecked,Unchecked,Unchecked,Unchecked,Unchecked,Unchecked,Unchecked,Unchecked,Unchecked,Unchecked,Unchecked,Yes,Chronic gastritis; psoriasis; severe wasting disease; acute liver failure leading to death at age 23.,Unchecked,Unchecked,Checked,Unchecked,Checked,Unchecked,Unchecked,Unchecked,Unchecked,Unchecked,,aa_change,
30,CTLA4,schuber,2014,Nature Medicine,Autosomal-dominant immune dysregulation syndrome in humans with CTLA4 mutations,10.1038/nm.3746,25329329,Heterozygous,g.2:203868052 G/T,NM_005214.5:c.109+1G>T,Splice_Site,Not reported,,,,,Male,,Senior author affiliation location,Germany,,IBDU,Unchecked,Unchecked,Unchecked,Unchecked,Unchecked,Unchecked,Unchecked,Unchecked,Unchecked,Unchecked,Unchecked,Unchecked,Unchecked,Unchecked,Unchecked,Unchecked,-,-,No,Unchecked,Unchecked,Unchecked,Unchecked,Unchecked,Unchecked,Unchecked,Unchecked,Unchecked,Unchecked,Unchecked,Unchecked,Unchecked,Unchecked,Unchecked,Unchecked,Unchecked,Unchecked,Unchecked,Unchecked,Unchecked,Unchecked,Unchecked,Unchecked,Unchecked,Unchecked,Unchecked,Unchecked,Unchecked,Unchecked,Unchecked,Unchecked,Yes,Chronic gastritis; psoriasis; severe wasting disease; acute liver failure leading to death at age 23.,Unchecked,Unchecked,Checked,Unchecked,Checked,Unchecked,Unchecked,Unchecked,Unchecked,Unchecked,,aa_change_2,
31,CTLA4,Schubert,2014,Nature Medicine,Autosomal-dominant immune dysregulation syndrome in humans with CTLA4 mutations,10.1038/nm.3746,25329329,Heterozygous,g.2:203867944 T/C,NM_005214.5:c.2T>C,Other,Pathogenic,,,,,Male,,Senior author affiliation location,Germany,,CD-like,Unchecked,Unchecked,Unchecked,Unchecked,Checked,Unchecked,Checked,Unchecked,Unchecked,Unchecked,Checked,Unchecked,Checked,Unchecked,Unchecked,Unchecked,,colectomy in 2011,Yes,Unchecked,Unchecked,Unchecked,Unchecked,Unchecked,Unchecked,Unchecked,Unchecked,Unchecked,Unchecked,Unchecked,Unchecked,Unchecked,Unchecked,Unchecked,Unchecked,Unchecked,Unchecked,Unchecked,Unchecked,Checked,Unchecked,Checked,Unchecked,Unchecked,Unchecked,Checked,Unchecked,Checked,Unchecked,Unchecked,Checked,Yes,Autoimmune hemolytic anemia from age 8; later ITP/Evans syndrome; recurrent chronic sinusitis and bronchitis; bronchiectasis; hypogammaglobulinemia,Unchecked,Checked,Unchecked,Unchecked,Unchecked,Checked,Unchecked,Checked,Unchecked,Unchecked,,aa_change,p.M1T
31,CTLA4,Schubert,2014,Nature Medicine,Autosomal-dominant immune dysregulation syndrome in humans with CTLA4 mutations,10.1038/nm.3746,25329329,Heterozygous,g.2:203867944 T/C,NM_005214.5:c.2T>C,Other,Pathogenic,,,,,Male,,Senior author affiliation location,Germany,,CD-like,Unchecked,Unchecked,Unchecked,Unchecked,Checked,Unchecked,Checked,Unchecked,Unchecked,Unchecked,Checked,Unchecked,Checked,Unchecked,Unchecked,Unchecked,,colectomy in 2011,Yes,Unchecked,Unchecked,Unchecked,Unchecked,Unchecked,Unchecked,Unchecked,Unchecked,Unchecked,Unchecked,Unchecked,Unchecked,Unchecked,Unchecked,Unchecked,Unchecked,Unchecked,Unchecked,Unchecked,Unchecked,Checked,Unchecked,Checked,Unchecked,Unchecked,Unchecked,Checked,Unchecked,Checked,Unchecked,Unchecked,Checked,Yes,Autoimmune hemolytic anemia from age 8; later ITP/Evans syndrome; recurrent chronic sinusitis and bronchitis; bronchiectasis; hypogammaglobulinemia,Unchecked,Checked,Unchecked,Unchecked,Unchecked,Checked,Unchecked,Checked,Unchecked,Unchecked,,aa_change_2,
32,CYBA,Ladinsky,2014,Journal of Allergy and Clinical Immunology: In Practice,Chronic granulomatous disease associated colitis leading to profound zinc deficiency,10.1016/j.jaip.2013.10.003,24607052,Homozygous,-,IVS3-2A>G,Splice_Site,Not reported,,,,,Female,,Corresponding author location,United States,California,CD-like,Unchecked,Unchecked,Unchecked,Unchecked,Unchecked,Checked,Unchecked,Unchecked,Unchecked,Unchecked,Unchecked,Checked,Unchecked,Unchecked,Unchecked,Checked,Total parenteral nutrition; intralipids; continuous gastrojejunostomy feeds; intravenous and enteral zinc supplementation. Interferon-gamma discontinued because of colitis.,,Yes,Unchecked,Unchecked,Unchecked,Unchecked,Unchecked,Unchecked,Unchecked,Unchecked,Unchecked,Unchecked,Unchecked,Unchecked,Unchecked,Unchecked,Unchecked,Unchecked,Unchecked,Unchecked,Unchecked,Unchecked,Unchecked,Unchecked,Unchecked,Unchecked,Unchecked,Unchecked,Unchecked,Unchecked,Unchecked,Unchecked,Unchecked,Unchecked,Yes,Failure to thrive; recurrent hypoalbuminemia; zinc deficiency; alopecia; acrodermatitis-enteropathica-like rash; edema; hepatitis; gastrojejunostomy-tube dependence.,Unchecked,Unchecked,Checked,Checked,Checked,Unchecked,Unchecked,Unchecked,Unchecked,Checked,,aa_change,
32,CYBA,Ladinsky,2014,Journal of Allergy and Clinical Immunology: In Practice,Chronic granulomatous disease associated colitis leading to profound zinc deficiency,10.1016/j.jaip.2013.10.003,24607052,Homozygous,-,IVS3-2A>G,Splice_Site,Not reported,,,,,Female,,Corresponding author location,United States,California,CD-like,Unchecked,Unchecked,Unchecked,Unchecked,Unchecked,Checked,Unchecked,Unchecked,Unchecked,Unchecked,Unchecked,Checked,Unchecked,Unchecked,Unchecked,Checked,Total parenteral nutrition; intralipids; continuous gastrojejunostomy feeds; intravenous and enteral zinc supplementation. Interferon-gamma discontinued because of colitis.,,Yes,Unchecked,Unchecked,Unchecked,Unchecked,Unchecked,Unchecked,Unchecked,Unchecked,Unchecked,Unchecked,Unchecked,Unchecked,Unchecked,Unchecked,Unchecked,Unchecked,Unchecked,Unchecked,Unchecked,Unchecked,Unchecked,Unchecked,Unchecked,Unchecked,Unchecked,Unchecked,Unchecked,Unchecked,Unchecked,Unchecked,Unchecked,Unchecked,Yes,Failure to thrive; recurrent hypoalbuminemia; zinc deficiency; alopecia; acrodermatitis-enteropathica-like rash; edema; hepatitis; gastrojejunostomy-tube dependence.,Unchecked,Unchecked,Checked,Checked,Checked,Unchecked,Unchecked,Unchecked,Unchecked,Checked,,aa_change_2,
33,CYBA,Uzel,2010,Clinical infectious Diseases,Complications of Tumor Necrosis Factor-± Blockade in Chronic Granulomatous Disease—Related Colitis,10.1086/657308,21058909,Compound heterozygous,g.16:88;647;137 dup,NM_000101.4:c.166dupC,Frame_Shift,Pathogenic,g.16:88;646;774 C/T,NM_000101.4:r.(268c>u),Missense variant,Likely pathogenic,Female,2.25,Location of patient when diagnosed,United States,Philadephia,CD-like,Checked,Unchecked,Unchecked,Unchecked,Checked,Checked,Checked,Unchecked,Unchecked,Unchecked,Unchecked,Checked,Unchecked,Unchecked,Unchecked,Checked,IFX; prednisone; 6-mercaptopurine; mesalamine; metronidazole;,,Yes,Unchecked,Unchecked,Unchecked,Unchecked,Checked,Unchecked,Unchecked,Unchecked,Unchecked,Unchecked,Unchecked,Unchecked,Unchecked,Unchecked,Unchecked,Checked,Unchecked,Unchecked,Unchecked,Unchecked,Unchecked,Unchecked,Unchecked,Unchecked,Unchecked,Unchecked,Unchecked,Unchecked,Unchecked,Unchecked,Unchecked,Unchecked,Yes,liver abscess; pelvic abscess; B. cepacia sepsis; polymicrobial bacteremia with Staphylococcus aureus; Candida krusei; Candida albicans; and Aspergillus terreus,Unchecked,Unchecked,Unchecked,Unchecked,Unchecked,Checked,Unchecked,Unchecked,Unchecked,Unchecked,,aa_change,p.R56fs
33,CYBA,Uzel,2010,Clinical infectious Diseases,Complications of Tumor Necrosis Factor-± Blockade in Chronic Granulomatous Disease—Related Colitis,10.1086/657308,21058909,Compound heterozygous,g.16:88;647;137 dup,NM_000101.4:c.166dupC,Frame_Shift,Pathogenic,g.16:88;646;774 C/T,NM_000101.4:r.(268c>u),Missense variant,Likely pathogenic,Female,2.25,Location of patient when diagnosed,United States,Philadephia,CD-like,Checked,Unchecked,Unchecked,Unchecked,Checked,Checked,Checked,Unchecked,Unchecked,Unchecked,Unchecked,Checked,Unchecked,Unchecked,Unchecked,Checked,IFX; prednisone; 6-mercaptopurine; mesalamine; metronidazole;,,Yes,Unchecked,Unchecked,Unchecked,Unchecked,Checked,Unchecked,Unchecked,Unchecked,Unchecked,Unchecked,Unchecked,Unchecked,Unchecked,Unchecked,Unchecked,Checked,Unchecked,Unchecked,Unchecked,Unchecked,Unchecked,Unchecked,Unchecked,Unchecked,Unchecked,Unchecked,Unchecked,Unchecked,Unchecked,Unchecked,Unchecked,Unchecked,Yes,liver abscess; pelvic abscess; B. cepacia sepsis; polymicrobial bacteremia with Staphylococcus aureus; Candida krusei; Candida albicans; and Aspergillus terreus,Unchecked,Unchecked,Unchecked,Unchecked,Unchecked,Checked,Unchecked,Unchecked,Unchecked,Unchecked,,aa_change_2,p.R90W
34,CYBA,Lega,2020,Inflamm Bowel Dis,Diagnostic Approach to Monogenic Inflammatory Bowel Disease in Clinical Practice: A Ten-Year Multicentric Experience,10.1093/ibd/izz178,31375816,Homozygous,g.16:88;643;289_88;643;571 del,NM_000101.4:r.(370_*64del),In_Frame_Del,Not reported,,,,,Male,,Senior author affiliation location,Italy,Trieste,IBDU,Checked,Unchecked,Unchecked,Unchecked,Unchecked,Unchecked,Unchecked,Unchecked,Unchecked,Unchecked,Unchecked,Checked,Unchecked,Checked,Unchecked,Unchecked,,,No,Unchecked,Unchecked,Unchecked,Unchecked,Unchecked,Unchecked,Unchecked,Unchecked,Unchecked,Unchecked,Unchecked,Unchecked,Unchecked,Unchecked,Unchecked,Unchecked,Unchecked,Unchecked,Unchecked,Unchecked,Unchecked,Unchecked,Unchecked,Unchecked,Unchecked,Unchecked,Unchecked,Unchecked,Unchecked,Unchecked,Unchecked,Unchecked,Yes,liver abscess; eczema; Liver abscess,Unchecked,Unchecked,Checked,Unchecked,Unchecked,Checked,Unchecked,Unchecked,Unchecked,Unchecked,,aa_change,
34,CYBA,Lega,2020,Inflamm Bowel Dis,Diagnostic Approach to Monogenic Inflammatory Bowel Disease in Clinical Practice: A Ten-Year Multicentric Experience,10.1093/ibd/izz178,31375816,Homozygous,g.16:88;643;289_88;643;571 del,NM_000101.4:r.(370_*64del),In_Frame_Del,Not reported,,,,,Male,,Senior author affiliation location,Italy,Trieste,IBDU,Checked,Unchecked,Unchecked,Unchecked,Unchecked,Unchecked,Unchecked,Unchecked,Unchecked,Unchecked,Unchecked,Checked,Unchecked,Checked,Unchecked,Unchecked,,,No,Unchecked,Unchecked,Unchecked,Unchecked,Unchecked,Unchecked,Unchecked,Unchecked,Unchecked,Unchecked,Unchecked,Unchecked,Unchecked,Unchecked,Unchecked,Unchecked,Unchecked,Unchecked,Unchecked,Unchecked,Unchecked,Unchecked,Unchecked,Unchecked,Unchecked,Unchecked,Unchecked,Unchecked,Unchecked,Unchecked,Unchecked,Unchecked,Yes,liver abscess; eczema; Liver abscess,Unchecked,Unchecked,Checked,Unchecked,Unchecked,Checked,Unchecked,Unchecked,Unchecked,Unchecked,,aa_change_2,
35,CYBB,Kanamori,2019,Pediatrics International,Thymitis in chronic granulomatous disease,10.1111/ped.13810,30983070,Hemizygous,,,Nonsense_Mutation,Unknown,,,,,Male,0.5,Hospital managing patient,Japan,Tokyo,CD-like,Unchecked,Unchecked,Unchecked,Unchecked,Unchecked,Unchecked,Unchecked,Unchecked,Unchecked,Unchecked,Unchecked,Checked,Unchecked,Unchecked,Unchecked,Unchecked,,,Yes,Unchecked,Unchecked,Unchecked,Unchecked,Unchecked,Unchecked,Unchecked,Unchecked,Unchecked,Unchecked,Unchecked,Checked,Unchecked,Unchecked,Unchecked,Unchecked,Unchecked,Unchecked,Unchecked,Unchecked,Unchecked,Unchecked,Unchecked,Unchecked,Unchecked,Unchecked,Unchecked,Unchecked,Unchecked,Unchecked,Unchecked,Unchecked,Yes,-; thymitis infection; Intractable impetigo; inguinal lymphadenitis,Unchecked,Unchecked,Checked,Checked,Unchecked,Checked,Unchecked,Unchecked,Unchecked,Unchecked,,aa_change,p.W270*
35,CYBB,Kanamori,2019,Pediatrics International,Thymitis in chronic granulomatous disease,10.1111/ped.13810,30983070,Hemizygous,,,Nonsense_Mutation,Unknown,,,,,Male,0.5,Hospital managing patient,Japan,Tokyo,CD-like,Unchecked,Unchecked,Unchecked,Unchecked,Unchecked,Unchecked,Unchecked,Unchecked,Unchecked,Unchecked,Unchecked,Checked,Unchecked,Unchecked,Unchecked,Unchecked,,,Yes,Unchecked,Unchecked,Unchecked,Unchecked,Unchecked,Unchecked,Unchecked,Unchecked,Unchecked,Unchecked,Unchecked,Checked,Unchecked,Unchecked,Unchecked,Unchecked,Unchecked,Unchecked,Unchecked,Unchecked,Unchecked,Unchecked,Unchecked,Unchecked,Unchecked,Unchecked,Unchecked,Unchecked,Unchecked,Unchecked,Unchecked,Unchecked,Yes,-; thymitis infection; Intractable impetigo; inguinal lymphadenitis,Unchecked,Unchecked,Checked,Checked,Unchecked,Checked,Unchecked,Unchecked,Unchecked,Unchecked,,aa_change_2,
36,CYBB,Akagi,2014,J Pediatr Hematol Oncol,A Case of Macrophage Activation Syndrome Developing in a Patient With Chronic Granulomatous Disease-associated Colitis,10.1097/MPH.0b013e31828e5dae,23652865,Hemizygous,X:37792054 A/G,NM_000397.4:r.(332a>g),Missense_Mutation,Unknown,,,,,Male,0.92,Hospital managing patient,Japan,Tokyo,CD-like,Checked,Unchecked,Unchecked,Unchecked,Unchecked,Unchecked,Checked,Unchecked,Checked,Unchecked,Unchecked,Checked,Unchecked,Unchecked,Unchecked,Checked,intravenous hyperalimentation/parenteral nutrition,,Yes,Unchecked,Unchecked,Unchecked,Unchecked,Unchecked,Unchecked,Unchecked,Unchecked,Checked,Unchecked,Unchecked,Checked,Unchecked,Unchecked,Unchecked,Unchecked,Checked,Unchecked,Unchecked,Unchecked,Unchecked,Unchecked,Checked,Unchecked,Unchecked,Unchecked,Unchecked,Unchecked,Unchecked,Unchecked,Unchecked,Checked,Yes,MAS(pancytopenia; hepatosplenomegaly); secondary hypertension; FTT; central line infection,Checked,Unchecked,Unchecked,Unchecked,Unchecked,Unchecked,Unchecked,Unchecked,Checked,Checked,Failure to thrive,aa_change,p.H111R
36,CYBB,Akagi,2014,J Pediatr Hematol Oncol,A Case of Macrophage Activation Syndrome Developing in a Patient With Chronic Granulomatous Disease-associated Colitis,10.1097/MPH.0b013e31828e5dae,23652865,Hemizygous,X:37792054 A/G,NM_000397.4:r.(332a>g),Missense_Mutation,Unknown,,,,,Male,0.92,Hospital managing patient,Japan,Tokyo,CD-like,Checked,Unchecked,Unchecked,Unchecked,Unchecked,Unchecked,Checked,Unchecked,Checked,Unchecked,Unchecked,Checked,Unchecked,Unchecked,Unchecked,Checked,intravenous hyperalimentation/parenteral nutrition,,Yes,Unchecked,Unchecked,Unchecked,Unchecked,Unchecked,Unchecked,Unchecked,Unchecked,Checked,Unchecked,Unchecked,Checked,Unchecked,Unchecked,Unchecked,Unchecked,Checked,Unchecked,Unchecked,Unchecked,Unchecked,Unchecked,Checked,Unchecked,Unchecked,Unchecked,Unchecked,Unchecked,Unchecked,Unchecked,Unchecked,Checked,Yes,MAS(pancytopenia; hepatosplenomegaly); secondary hypertension; FTT; central line infection,Checked,Unchecked,Unchecked,Unchecked,Unchecked,Unchecked,Unchecked,Unchecked,Checked,Checked,Failure to thrive,aa_change_2,
37,CYBB,Zurro,2018,Peaditr Blood Cancer,A novel mutation in CYBB gene in a patient with chronic colitis and recurrent pneumonia due to X-linked chronic granulomatous disease,10.1002/pbc.27382,30094936,Hemizygous,g.X:37;801;335 T/A,NM_000397.4:c.884T>A,Missense_Mutation,Not reported,,,,,Male,5,Hospital managing patient,Brazil,Sao Paulo,CD-like,Unchecked,Unchecked,Unchecked,Unchecked,Unchecked,Unchecked,Unchecked,Unchecked,Checked,Unchecked,Unchecked,Unchecked,Unchecked,Unchecked,Unchecked,Unchecked,,,Yes,Unchecked,Unchecked,Unchecked,Unchecked,Unchecked,Unchecked,Unchecked,Unchecked,Checked,Unchecked,Unchecked,Unchecked,Unchecked,Unchecked,Unchecked,Unchecked,Unchecked,Unchecked,Unchecked,Unchecked,Unchecked,Unchecked,Unchecked,Unchecked,Unchecked,Unchecked,Unchecked,Unchecked,Unchecked,Unchecked,Unchecked,Unchecked,Yes,lymphadepathy; noncaseous granulomatous disease; asthma; recurrent pneumonia,Checked,Checked,Unchecked,Unchecked,Unchecked,Checked,Unchecked,Unchecked,Unchecked,Unchecked,,aa_change,p.V295E
37,CYBB,Zurro,2018,Peaditr Blood Cancer,A novel mutation in CYBB gene in a patient with chronic colitis and recurrent pneumonia due to X-linked chronic granulomatous disease,10.1002/pbc.27382,30094936,Hemizygous,g.X:37;801;335 T/A,NM_000397.4:c.884T>A,Missense_Mutation,Not reported,,,,,Male,5,Hospital managing patient,Brazil,Sao Paulo,CD-like,Unchecked,Unchecked,Unchecked,Unchecked,Unchecked,Unchecked,Unchecked,Unchecked,Checked,Unchecked,Unchecked,Unchecked,Unchecked,Unchecked,Unchecked,Unchecked,,,Yes,Unchecked,Unchecked,Unchecked,Unchecked,Unchecked,Unchecked,Unchecked,Unchecked,Checked,Unchecked,Unchecked,Unchecked,Unchecked,Unchecked,Unchecked,Unchecked,Unchecked,Unchecked,Unchecked,Unchecked,Unchecked,Unchecked,Unchecked,Unchecked,Unchecked,Unchecked,Unchecked,Unchecked,Unchecked,Unchecked,Unchecked,Unchecked,Yes,lymphadepathy; noncaseous granulomatous disease; asthma; recurrent pneumonia,Checked,Checked,Unchecked,Unchecked,Unchecked,Checked,Unchecked,Unchecked,Unchecked,Unchecked,,aa_change_2,
38,CYBB,Uzel,2010,Clinical infectious Diseases,Complications of tumor necrosis factor-α blockade in chronic granulomatous disease-related colitis,10.1086/657308,21058909,Hemizygous,g.23:37;804;009 T/C,NM_000397.4:r.(1030u>c),Missense_Mutation,Not reported,,,,,Male,1,Hospital managing patient,United States,Bethesda,CD-like,Unchecked,Unchecked,Unchecked,Unchecked,Checked,Checked,Checked,Unchecked,Unchecked,Unchecked,Unchecked,Checked,Checked,Unchecked,Unchecked,Unchecked,,ileostomy; sub total colectomy,Yes,Unchecked,Unchecked,Unchecked,Unchecked,Checked,Checked,Checked,Unchecked,Unchecked,Unchecked,Unchecked,Unchecked,Checked,Unchecked,Unchecked,Checked,Unchecked,Unchecked,Unchecked,Unchecked,Unchecked,Unchecked,Unchecked,Unchecked,Unchecked,Unchecked,Unchecked,Checked,Unchecked,Unchecked,Unchecked,Unchecked,Yes,-; recurrent staphylococcal cellulitis; candida lustaniae lymphadenitis,Unchecked,Unchecked,Unchecked,Unchecked,Unchecked,Checked,Unchecked,Unchecked,Unchecked,Unchecked,,aa_change,p.S344P
38,CYBB,Uzel,2010,Clinical infectious Diseases,Complications of tumor necrosis factor-α blockade in chronic granulomatous disease-related colitis,10.1086/657308,21058909,Hemizygous,g.23:37;804;009 T/C,NM_000397.4:r.(1030u>c),Missense_Mutation,Not reported,,,,,Male,1,Hospital managing patient,United States,Bethesda,CD-like,Unchecked,Unchecked,Unchecked,Unchecked,Checked,Checked,Checked,Unchecked,Unchecked,Unchecked,Unchecked,Checked,Checked,Unchecked,Unchecked,Unchecked,,ileostomy; sub total colectomy,Yes,Unchecked,Unchecked,Unchecked,Unchecked,Checked,Checked,Checked,Unchecked,Unchecked,Unchecked,Unchecked,Unchecked,Checked,Unchecked,Unchecked,Checked,Unchecked,Unchecked,Unchecked,Unchecked,Unchecked,Unchecked,Unchecked,Unchecked,Unchecked,Unchecked,Unchecked,Checked,Unchecked,Unchecked,Unchecked,Unchecked,Yes,-; recurrent staphylococcal cellulitis; candida lustaniae lymphadenitis,Unchecked,Unchecked,Unchecked,Unchecked,Unchecked,Checked,Unchecked,Unchecked,Unchecked,Unchecked,,aa_change_2,
39,CYBB,Uzel,2010,Clinical infectious Diseases,Complications of tumor necrosis factor-α blockade in chronic granulomatous disease-related colitis,10.1086/657308,21058909,Hemizygous,g.23:37;810;807_37;810;813 del,NM_000397.4:c.1603_1609del,Frame_Shift,Not reported,,,,,Male,3,Corresponding author location,United States,Bethesda,CD-like,Unchecked,Unchecked,Unchecked,Unchecked,Checked,Unchecked,Unchecked,Unchecked,Unchecked,Unchecked,Unchecked,Unchecked,Checked,Unchecked,Unchecked,Checked,IFX; IVIg for pyoderma gangrenosum,1. appendectomy; partial sigmoidectomy  with Hartman pouch; and an end colostomy  2. Total colectomy; distal  ileal resection; and colostomy,Yes,Unchecked,Unchecked,Unchecked,Unchecked,Checked,Unchecked,Unchecked,Unchecked,Unchecked,Unchecked,Unchecked,Checked,Checked,Unchecked,Unchecked,Checked,Unchecked,Unchecked,Unchecked,Unchecked,Unchecked,Unchecked,Unchecked,Unchecked,Unchecked,Unchecked,Unchecked,Unchecked,Unchecked,Unchecked,Unchecked,Unchecked,Yes,granulomatous cystis with hydronephrosis; uveitis; Burkholderia gladioli sepsis; Paecilomyces  variotti pneumonia; ecthyma  gangrenosum with Pseudomonas  aeruginosa; CMV  viremia; P. aeruginosa; Acinetobacter  baumannii; Aspergillus fumigatus  pneumonia at autopsy,Unchecked,Unchecked,Checked,Unchecked,Unchecked,Checked,Unchecked,Unchecked,Checked,Unchecked,,aa_change,p.F535fs*544
39,CYBB,Uzel,2010,Clinical infectious Diseases,Complications of tumor necrosis factor-α blockade in chronic granulomatous disease-related colitis,10.1086/657308,21058909,Hemizygous,g.23:37;810;807_37;810;813 del,NM_000397.4:c.1603_1609del,Frame_Shift,Not reported,,,,,Male,3,Corresponding author location,United States,Bethesda,CD-like,Unchecked,Unchecked,Unchecked,Unchecked,Checked,Unchecked,Unchecked,Unchecked,Unchecked,Unchecked,Unchecked,Unchecked,Checked,Unchecked,Unchecked,Checked,IFX; IVIg for pyoderma gangrenosum,1. appendectomy; partial sigmoidectomy  with Hartman pouch; and an end colostomy  2. Total colectomy; distal  ileal resection; and colostomy,Yes,Unchecked,Unchecked,Unchecked,Unchecked,Checked,Unchecked,Unchecked,Unchecked,Unchecked,Unchecked,Unchecked,Checked,Checked,Unchecked,Unchecked,Checked,Unchecked,Unchecked,Unchecked,Unchecked,Unchecked,Unchecked,Unchecked,Unchecked,Unchecked,Unchecked,Unchecked,Unchecked,Unchecked,Unchecked,Unchecked,Unchecked,Yes,granulomatous cystis with hydronephrosis; uveitis; Burkholderia gladioli sepsis; Paecilomyces  variotti pneumonia; ecthyma  gangrenosum with Pseudomonas  aeruginosa; CMV  viremia; P. aeruginosa; Acinetobacter  baumannii; Aspergillus fumigatus  pneumonia at autopsy,Unchecked,Unchecked,Checked,Unchecked,Unchecked,Checked,Unchecked,Unchecked,Checked,Unchecked,,aa_change_2,
40,CYBB,Barbato,2014,BMC pediatrics,Chronic granulomatous disease mimicking early-onset Crohn’s disease with cutaneous manifestations,10.1186/1471-2431-14-156,24947584,Unknown,,,Other,,,,,,Male,,Corresponding author location,Italy,,CD,Unchecked,Unchecked,Unchecked,Unchecked,Unchecked,Unchecked,Unchecked,Unchecked,Unchecked,Unchecked,Unchecked,Unchecked,Unchecked,Unchecked,Unchecked,Unchecked,5ASA; -,-,,Unchecked,Unchecked,Unchecked,Unchecked,Unchecked,Unchecked,Unchecked,Unchecked,Unchecked,Unchecked,Unchecked,Unchecked,Unchecked,Unchecked,Unchecked,Unchecked,Unchecked,Unchecked,Unchecked,Unchecked,Unchecked,Unchecked,Unchecked,Unchecked,Unchecked,Unchecked,Unchecked,Unchecked,Unchecked,Unchecked,Unchecked,Unchecked,Yes,painful red nodules ulcer on the left leg and lower abdominal region; pyoderma gangrenosum; severe pneumonia; pyoderma requiring Abx; serratia marcescens,Unchecked,Unchecked,Unchecked,Unchecked,Unchecked,Unchecked,Unchecked,Unchecked,Unchecked,Unchecked,,aa_change,
40,CYBB,Barbato,2014,BMC pediatrics,Chronic granulomatous disease mimicking early-onset Crohn’s disease with cutaneous manifestations,10.1186/1471-2431-14-156,24947584,Unknown,,,Other,,,,,,Male,,Corresponding author location,Italy,,CD,Unchecked,Unchecked,Unchecked,Unchecked,Unchecked,Unchecked,Unchecked,Unchecked,Unchecked,Unchecked,Unchecked,Unchecked,Unchecked,Unchecked,Unchecked,Unchecked,5ASA; -,-,,Unchecked,Unchecked,Unchecked,Unchecked,Unchecked,Unchecked,Unchecked,Unchecked,Unchecked,Unchecked,Unchecked,Unchecked,Unchecked,Unchecked,Unchecked,Unchecked,Unchecked,Unchecked,Unchecked,Unchecked,Unchecked,Unchecked,Unchecked,Unchecked,Unchecked,Unchecked,Unchecked,Unchecked,Unchecked,Unchecked,Unchecked,Unchecked,Yes,painful red nodules ulcer on the left leg and lower abdominal region; pyoderma gangrenosum; severe pneumonia; pyoderma requiring Abx; serratia marcescens,Unchecked,Unchecked,Unchecked,Unchecked,Unchecked,Unchecked,Unchecked,Unchecked,Unchecked,Unchecked,,aa_change_2,
41,CYBB,Butte,2016,J Clin Immunol,Treatment of CGD-associated Colitis with the IL-23 Blocker Ustekinumab,10.1007/s10875-016-0318-x,27465505,Hemizygous,g.37801319C>T,NM_000397.4:c.868C>T,Nonsense_Mutation,Pathogenic,,,,,Male,,Senior author affiliation location,United States,Stanford; California,CD-like,Checked,Unchecked,Unchecked,Unchecked,Checked,Unchecked,Checked,Unchecked,Unchecked,Unchecked,Checked,Checked,Checked,Unchecked,Unchecked,Checked,GM-CSF;hydroxychloroquine,perianal fistulation,Yes,Unchecked,Checked,Unchecked,Unchecked,Unchecked,Unchecked,Unchecked,Unchecked,Unchecked,Unchecked,Unchecked,Unchecked,Unchecked,Unchecked,Unchecked,Checked,Checked,Unchecked,Unchecked,Unchecked,Checked,Unchecked,Checked,Unchecked,Unchecked,Unchecked,Checked,Checked,Unchecked,Unchecked,Unchecked,Checked,Yes,-; recurrent infection; nares mucosal inflammation; thoratic necrotic lymph swelling,Unchecked,Unchecked,Unchecked,Checked,Unchecked,Checked,Unchecked,Unchecked,Unchecked,Unchecked,,aa_change,p.R290*
41,CYBB,Butte,2016,J Clin Immunol,Treatment of CGD-associated Colitis with the IL-23 Blocker Ustekinumab,10.1007/s10875-016-0318-x,27465505,Hemizygous,g.37801319C>T,NM_000397.4:c.868C>T,Nonsense_Mutation,Pathogenic,,,,,Male,,Senior author affiliation location,United States,Stanford; California,CD-like,Checked,Unchecked,Unchecked,Unchecked,Checked,Unchecked,Checked,Unchecked,Unchecked,Unchecked,Checked,Checked,Checked,Unchecked,Unchecked,Checked,GM-CSF;hydroxychloroquine,perianal fistulation,Yes,Unchecked,Checked,Unchecked,Unchecked,Unchecked,Unchecked,Unchecked,Unchecked,Unchecked,Unchecked,Unchecked,Unchecked,Unchecked,Unchecked,Unchecked,Checked,Checked,Unchecked,Unchecked,Unchecked,Checked,Unchecked,Checked,Unchecked,Unchecked,Unchecked,Checked,Checked,Unchecked,Unchecked,Unchecked,Checked,Yes,-; recurrent infection; nares mucosal inflammation; thoratic necrotic lymph swelling,Unchecked,Unchecked,Unchecked,Checked,Unchecked,Checked,Unchecked,Unchecked,Unchecked,Unchecked,,aa_change_2,
59,CYBB,Lega,2020,Inflamm Bowel Dis,Diagnostic Approach to Monogenic Inflammatory Bowel Disease in Clinical Practice: A Ten-Year Multicentric Experience,10.1093/ibd/izz178,31375816,Hemizygous,g.23:37;783;600 G/A,NM_000397.4:r.(252g>a),Splice_Site,Pathogenic,,,,,Male,,Senior author affiliation location,Italy,Trieste,CD-like,Checked,Unchecked,Unchecked,Unchecked,Unchecked,Unchecked,Checked,Unchecked,Unchecked,Unchecked,Unchecked,Checked,Unchecked,Checked,Unchecked,Unchecked,,,No,Unchecked,Unchecked,Unchecked,Unchecked,Unchecked,Unchecked,Unchecked,Unchecked,Unchecked,Unchecked,Unchecked,Unchecked,Unchecked,Unchecked,Unchecked,Unchecked,Unchecked,Unchecked,Unchecked,Unchecked,Unchecked,Unchecked,Unchecked,Unchecked,Unchecked,Unchecked,Unchecked,Unchecked,Unchecked,Unchecked,Unchecked,Unchecked,Yes,,Unchecked,Unchecked,Checked,Unchecked,Unchecked,Checked,Unchecked,Unchecked,Unchecked,Unchecked,,aa_change,
59,CYBB,Lega,2020,Inflamm Bowel Dis,Diagnostic Approach to Monogenic Inflammatory Bowel Disease in Clinical Practice: A Ten-Year Multicentric Experience,10.1093/ibd/izz178,31375816,Hemizygous,g.23:37;783;600 G/A,NM_000397.4:r.(252g>a),Splice_Site,Pathogenic,,,,,Male,,Senior author affiliation location,Italy,Trieste,CD-like,Checked,Unchecked,Unchecked,Unchecked,Unchecked,Unchecked,Checked,Unchecked,Unchecked,Unchecked,Unchecked,Checked,Unchecked,Checked,Unchecked,Unchecked,,,No,Unchecked,Unchecked,Unchecked,Unchecked,Unchecked,Unchecked,Unchecked,Unchecked,Unchecked,Unchecked,Unchecked,Unchecked,Unchecked,Unchecked,Unchecked,Unchecked,Unchecked,Unchecked,Unchecked,Unchecked,Unchecked,Unchecked,Unchecked,Unchecked,Unchecked,Unchecked,Unchecked,Unchecked,Unchecked,Unchecked,Unchecked,Unchecked,Yes,,Unchecked,Unchecked,Checked,Unchecked,Unchecked,Checked,Unchecked,Unchecked,Unchecked,Unchecked,,aa_change_2,
99,DKC1,Lega,2019,Inflamm Bowel Dis,Diagnostic Approach to Monogenic Inflammatory Bowel Disease in Clinical Practice: A Ten-Year Multicentric Experience,10.1093/ibd/izz178,31375816,Hemizygous,g.23:154;765;505 C/T,NM_001363.5:r.(146c>u),Missense_Mutation,Pathogenic,,,,,Male,,Senior author affiliation location,Italy,Trieste,CD-like,Checked,Unchecked,Unchecked,Unchecked,Checked,Unchecked,Unchecked,Unchecked,Unchecked,Unchecked,Unchecked,Checked,Checked,Unchecked,Unchecked,Checked,Thalidomide,colectomy,No,Unchecked,Unchecked,Unchecked,Unchecked,Unchecked,Unchecked,Unchecked,Unchecked,Unchecked,Unchecked,Unchecked,Unchecked,Unchecked,Unchecked,Unchecked,Unchecked,Unchecked,Unchecked,Unchecked,Unchecked,Unchecked,Unchecked,Unchecked,Unchecked,Unchecked,Unchecked,Unchecked,Unchecked,Unchecked,Unchecked,Unchecked,Unchecked,Yes,leukoplakia; nail dystrophy; skin reticulate,Unchecked,Unchecked,Checked,Unchecked,Unchecked,Unchecked,Unchecked,Unchecked,Unchecked,Unchecked,,aa_change,p.T49M
99,DKC1,Lega,2019,Inflamm Bowel Dis,Diagnostic Approach to Monogenic Inflammatory Bowel Disease in Clinical Practice: A Ten-Year Multicentric Experience,10.1093/ibd/izz178,31375816,Hemizygous,g.23:154;765;505 C/T,NM_001363.5:r.(146c>u),Missense_Mutation,Pathogenic,,,,,Male,,Senior author affiliation location,Italy,Trieste,CD-like,Checked,Unchecked,Unchecked,Unchecked,Checked,Unchecked,Unchecked,Unchecked,Unchecked,Unchecked,Unchecked,Checked,Checked,Unchecked,Unchecked,Checked,Thalidomide,colectomy,No,Unchecked,Unchecked,Unchecked,Unchecked,Unchecked,Unchecked,Unchecked,Unchecked,Unchecked,Unchecked,Unchecked,Unchecked,Unchecked,Unchecked,Unchecked,Unchecked,Unchecked,Unchecked,Unchecked,Unchecked,Unchecked,Unchecked,Unchecked,Unchecked,Unchecked,Unchecked,Unchecked,Unchecked,Unchecked,Unchecked,Unchecked,Unchecked,Yes,leukoplakia; nail dystrophy; skin reticulate,Unchecked,Unchecked,Checked,Unchecked,Unchecked,Unchecked,Unchecked,Unchecked,Unchecked,Unchecked,,aa_change_2,
594,WAS,Lega,2020,Inflamm Bowel Dis,Diagnostic Approach to Monogenic Inflammatory Bowel Disease in Clinical Practice: A Ten-Year Multicentric Experience,10.1093/ibd/izz178,31375816,Hemizygous,inv(X):g.5721_11840,Aberrant transcript (confirmed by RT-PCR); r. notation not applicable,Other,Not reported,,,,,Male,11.6,Hospital managing patient,Italy,Milan,CD-like,Unchecked,Unchecked,Unchecked,Unchecked,Checked,Unchecked,Unchecked,Checked,Unchecked,Unchecked,Checked,Unchecked,Checked,Unchecked,Checked,Checked,Cyclosporin; thalidomide  Anti IL-1;  Gene therapy,Colectomy; fistulotomy,Yes,Unchecked,Unchecked,Unchecked,Unchecked,Checked,Unchecked,Unchecked,Unchecked,Unchecked,Unchecked,Unchecked,Checked,Unchecked,Unchecked,Unchecked,Unchecked,Unchecked,Unchecked,Unchecked,Unchecked,Unchecked,Unchecked,Unchecked,Unchecked,Unchecked,Unchecked,Unchecked,Unchecked,Unchecked,Unchecked,Unchecked,Checked,Yes,Arthritis; cutaneous vasculitis; pyoderma gangrenosum; low plt,Checked,Unchecked,Checked,Unchecked,Unchecked,Checked,Unchecked,Unchecked,Checked,Checked,Nephritis,aa_change,
594,WAS,Lega,2020,Inflamm Bowel Dis,Diagnostic Approach to Monogenic Inflammatory Bowel Disease in Clinical Practice: A Ten-Year Multicentric Experience,10.1093/ibd/izz178,31375816,Hemizygous,inv(X):g.5721_11840,Aberrant transcript (confirmed by RT-PCR); r. notation not applicable,Other,Not reported,,,,,Male,11.6,Hospital managing patient,Italy,Milan,CD-like,Unchecked,Unchecked,Unchecked,Unchecked,Checked,Unchecked,Unchecked,Checked,Unchecked,Unchecked,Checked,Unchecked,Checked,Unchecked,Checked,Checked,Cyclosporin; thalidomide  Anti IL-1;  Gene therapy,Colectomy; fistulotomy,Yes,Unchecked,Unchecked,Unchecked,Unchecked,Checked,Unchecked,Unchecked,Unchecked,Unchecked,Unchecked,Unchecked,Checked,Unchecked,Unchecked,Unchecked,Unchecked,Unchecked,Unchecked,Unchecked,Unchecked,Unchecked,Unchecked,Unchecked,Unchecked,Unchecked,Unchecked,Unchecked,Unchecked,Unchecked,Unchecked,Unchecked,Checked,Yes,Arthritis; cutaneous vasculitis; pyoderma gangrenosum; low plt,Checked,Unchecked,Checked,Unchecked,Unchecked,Checked,Unchecked,Unchecked,Checked,Checked,Nephritis,aa_change_2,
701,MASP2,Crowley,2045,Gastroenterology,Prevalence and Clinical Features of Inflammatory Bowel Diseases Associated With Monogenic Variants; Identified by Whole-Exome Sequencing in 1000 Children at a Single Center,10.1053/j.gastro.2020.02.048,32084448,Compound heterozygous,,,Missense_Mutation,,,,,,Male,,Corresponding author location,Canada,,CD,Unchecked,Unchecked,Unchecked,Unchecked,Unchecked,Unchecked,Unchecked,Unchecked,Unchecked,Unchecked,Unchecked,Unchecked,Unchecked,Unchecked,Unchecked,Unchecked,5ASA; -,-,,Unchecked,Unchecked,Unchecked,Unchecked,Unchecked,Unchecked,Unchecked,Unchecked,Unchecked,Unchecked,Unchecked,Unchecked,Unchecked,Unchecked,Unchecked,Unchecked,Unchecked,Unchecked,Unchecked,Unchecked,Unchecked,Unchecked,Unchecked,Unchecked,Unchecked,Unchecked,Unchecked,Unchecked,Unchecked,Unchecked,Unchecked,Unchecked,Yes,Fever; asthma; seasonal allergy; -,Unchecked,Unchecked,Unchecked,Unchecked,Unchecked,Unchecked,Unchecked,Unchecked,Unchecked,Unchecked,,aa_change,p.D244N
701,MASP2,Crowley,2045,Gastroenterology,Prevalence and Clinical Features of Inflammatory Bowel Diseases Associated With Monogenic Variants; Identified by Whole-Exome Sequencing in 1000 Children at a Single Center,10.1053/j.gastro.2020.02.048,32084448,Compound heterozygous,,,Missense_Mutation,,,,,,Male,,Corresponding author location,Canada,,CD,Unchecked,Unchecked,Unchecked,Unchecked,Unchecked,Unchecked,Unchecked,Unchecked,Unchecked,Unchecked,Unchecked,Unchecked,Unchecked,Unchecked,Unchecked,Unchecked,5ASA; -,-,,Unchecked,Unchecked,Unchecked,Unchecked,Unchecked,Unchecked,Unchecked,Unchecked,Unchecked,Unchecked,Unchecked,Unchecked,Unchecked,Unchecked,Unchecked,Unchecked,Unchecked,Unchecked,Unchecked,Unchecked,Unchecked,Unchecked,Unchecked,Unchecked,Unchecked,Unchecked,Unchecked,Unchecked,Unchecked,Unchecked,Unchecked,Unchecked,Yes,Fever; asthma; seasonal allergy; -,Unchecked,Unchecked,Unchecked,Unchecked,Unchecked,Unchecked,Unchecked,Unchecked,Unchecked,Unchecked,,aa_change_2,
